Year,Month,Dekad,Rainfall (mm),Average (mm),County
2014,1,1,6.821,18.836,Kericho
2014,1,2,18.179,25.985,Kericho
2014,1,3,4.403,22.254,Kericho
2014,2,1,35.866,18.642,Kericho
2014,2,2,63.478,23.657,Kericho
2014,2,3,13.388,17.09,Kericho
2014,3,1,4.507,35.075,Kericho
2014,3,2,68.119,38.478,Kericho
2014,3,3,61.358,54.657,Kericho
2014,4,1,52.746,61.493,Kericho
2014,4,2,24.881,64.373,Kericho
2014,4,3,13.299,80.179,Kericho
2014,5,1,81.672,66.373,Kericho
2014,5,2,47.403,58.224,Kericho
2014,5,3,58.299,51.836,Kericho
2014,6,1,57.955,47.821,Kericho
2014,6,2,43.925,40.597,Kericho
2014,6,3,17.522,37.612,Kericho
2014,7,1,22.164,34.03,Kericho
2014,7,2,24.224,41.478,Kericho
2014,7,3,101.119,52.896,Kericho
2014,8,1,74.597,42.97,Kericho
2014,8,2,60.657,53.657,Kericho
2014,8,3,107.358,55.761,Kericho
2014,9,1,53,38.821,Kericho
2014,9,2,27.746,35.478,Kericho
2014,9,3,40.925,35.313,Kericho
2014,10,1,35.627,33.358,Kericho
2014,10,2,63.313,34,Kericho
2014,10,3,20.03,41.97,Kericho
2014,11,1,17.672,43.91,Kericho
2014,11,2,23.582,35.328,Kericho
2014,11,3,46.881,37.746,Kericho
2014,12,1,35.403,26.716,Kericho
2014,12,2,9.672,22.761,Kericho
2014,12,3,26.761,32.463,Kericho
2015,1,1,2.776,18.836,Kericho
2015,1,2,3.343,25.985,Kericho
2015,1,3,2.597,22.254,Kericho
2015,2,1,0.91,18.642,Kericho
2015,2,2,30.358,23.657,Kericho
2015,2,3,1.522,17.09,Kericho
2015,3,1,11.343,35.075,Kericho
2015,3,2,3.836,38.478,Kericho
2015,3,3,59.507,54.657,Kericho
2015,4,1,118.94,61.493,Kericho
2015,4,2,71.91,64.373,Kericho
2015,4,3,100.149,80.179,Kericho
2015,5,1,83.164,66.373,Kericho
2015,5,2,66.701,58.224,Kericho
2015,5,3,71.299,51.836,Kericho
2015,6,1,53.806,47.821,Kericho
2015,6,2,84.209,40.597,Kericho
2015,6,3,21.97,37.612,Kericho
2015,7,1,21.985,34.03,Kericho
2015,7,2,27.149,41.478,Kericho
2015,7,3,41.806,52.896,Kericho
2015,8,1,41.567,42.97,Kericho
2015,8,2,19.134,53.657,Kericho
2015,8,3,20.806,55.761,Kericho
2015,9,1,43.493,38.821,Kericho
2015,9,2,24.806,35.478,Kericho
2015,9,3,27.418,35.313,Kericho
2015,10,1,20.119,33.358,Kericho
2015,10,2,32.552,34,Kericho
2015,10,3,87.254,41.97,Kericho
2015,11,1,75.119,43.91,Kericho
2015,11,2,34.537,35.328,Kericho
2015,11,3,26.552,37.746,Kericho
2015,12,1,30.716,26.716,Kericho
2015,12,2,56.522,22.761,Kericho
2015,12,3,15.284,32.463,Kericho
2016,1,1,18.806,18.836,Kericho
2016,1,2,81.209,25.985,Kericho
2016,1,3,12.955,22.254,Kericho
2016,2,1,7.881,18.642,Kericho
2016,2,2,9.313,23.657,Kericho
2016,2,3,17.507,17.09,Kericho
2016,3,1,70.716,35.075,Kericho
2016,3,2,5.821,38.478,Kericho
2016,3,3,17.493,54.657,Kericho
2016,4,1,117.09,61.493,Kericho
2016,4,2,91.224,64.373,Kericho
2016,4,3,126.537,80.179,Kericho
2016,5,1,124.164,66.373,Kericho
2016,5,2,91.343,58.224,Kericho
2016,5,3,29.537,51.836,Kericho
2016,6,1,24.925,47.821,Kericho
2016,6,2,40.642,40.597,Kericho
2016,6,3,44.194,37.612,Kericho
2016,7,1,39.463,34.03,Kericho
2016,7,2,75.642,41.478,Kericho
2016,7,3,46.925,52.896,Kericho
2016,8,1,59.194,42.97,Kericho
2016,8,2,22.075,53.657,Kericho
2016,8,3,17.328,55.761,Kericho
2016,9,1,20.776,38.821,Kericho
2016,9,2,27.507,35.478,Kericho
2016,9,3,52.761,35.313,Kericho
2016,10,1,43.284,33.358,Kericho
2016,10,2,13.746,34,Kericho
2016,10,3,25.313,41.97,Kericho
2016,11,1,38.179,43.91,Kericho
2016,11,2,22.134,35.328,Kericho
2016,11,3,41.866,37.746,Kericho
2016,12,1,15.672,26.716,Kericho
2016,12,2,3.522,22.761,Kericho
2016,12,3,3.91,32.463,Kericho
2017,1,1,3.731,18.836,Kericho
2017,1,2,2.896,25.985,Kericho
2017,1,3,20.299,22.254,Kericho
2017,2,1,12.746,18.642,Kericho
2017,2,2,29.657,23.657,Kericho
2017,2,3,36.09,17.09,Kericho
2017,3,1,7.582,35.075,Kericho
2017,3,2,15.985,38.478,Kericho
2017,3,3,52.493,54.657,Kericho
2017,4,1,29.179,61.493,Kericho
2017,4,2,66.388,64.373,Kericho
2017,4,3,86.776,80.179,Kericho
2017,5,1,114.746,66.373,Kericho
2017,5,2,54.194,58.224,Kericho
2017,5,3,41.179,51.836,Kericho
2017,6,1,42.299,47.821,Kericho
2017,6,2,21.836,40.597,Kericho
2017,6,3,41.507,37.612,Kericho
2017,7,1,43.836,34.03,Kericho
2017,7,2,131.328,41.478,Kericho
2017,7,3,92.299,52.896,Kericho
2017,8,1,73.806,42.97,Kericho
2017,8,2,38.925,53.657,Kericho
2017,8,3,73.194,55.761,Kericho
2017,9,1,67.836,38.821,Kericho
2017,9,2,54.493,35.478,Kericho
2017,9,3,32.731,35.313,Kericho
2017,10,1,22.134,33.358,Kericho
2017,10,2,82.343,34,Kericho
2017,10,3,44.015,41.97,Kericho
2017,11,1,84.582,43.91,Kericho
2017,11,2,13.866,35.328,Kericho
2017,11,3,35.567,37.746,Kericho
2017,12,1,30.552,26.716,Kericho
2017,12,2,4.522,22.761,Kericho
2017,12,3,9.612,32.463,Kericho
2018,1,1,5.463,18.836,Kericho
2018,1,2,4.716,25.985,Kericho
2018,1,3,9.94,22.254,Kericho
2018,2,1,2.716,18.642,Kericho
2018,2,2,15.94,23.657,Kericho
2018,2,3,23.478,17.09,Kericho
2018,3,1,79.866,35.075,Kericho
2018,3,2,110.403,38.478,Kericho
2018,3,3,59.91,54.657,Kericho
2018,4,1,135.104,61.493,Kericho
2018,4,2,127,64.373,Kericho
2018,4,3,117.448,80.179,Kericho
2018,5,1,99.045,66.373,Kericho
2018,5,2,70.567,58.224,Kericho
2018,5,3,113.284,51.836,Kericho
2018,6,1,91.731,47.821,Kericho
2018,6,2,64.045,40.597,Kericho
2018,6,3,112.388,37.612,Kericho
2018,7,1,66.433,34.03,Kericho
2018,7,2,35.313,41.478,Kericho
2018,7,3,36.164,52.896,Kericho
2018,8,1,17.925,42.97,Kericho
2018,8,2,19.791,53.657,Kericho
2018,8,3,105.687,55.761,Kericho
2018,9,1,26.597,38.821,Kericho
2018,9,2,19.97,35.478,Kericho
2018,9,3,15.776,35.313,Kericho
2018,10,1,34.06,33.358,Kericho
2018,10,2,80.657,34,Kericho
2018,10,3,39.164,41.97,Kericho
2018,11,1,29.313,43.91,Kericho
2018,11,2,42.254,35.328,Kericho
2018,11,3,12.284,37.746,Kericho
2018,12,1,46.866,26.716,Kericho
2018,12,2,30.463,22.761,Kericho
2018,12,3,26.94,32.463,Kericho
2019,1,1,4.657,18.836,Kericho
2019,1,2,8.97,25.985,Kericho
2019,1,3,3.925,22.254,Kericho
2019,2,1,2.373,18.642,Kericho
2019,2,2,9.657,23.657,Kericho
2019,2,3,22.955,17.09,Kericho
2019,3,1,27.657,35.075,Kericho
2019,3,2,4.343,38.478,Kericho
2019,3,3,16.388,54.657,Kericho
2019,4,1,22.836,61.493,Kericho
2019,4,2,13.299,64.373,Kericho
2019,4,3,126.418,80.179,Kericho
2019,5,1,65.91,66.373,Kericho
2019,5,2,34.612,58.224,Kericho
2019,5,3,80.284,51.836,Kericho
2019,6,1,111.313,47.821,Kericho
2019,6,2,33.627,40.597,Kericho
2019,6,3,65.164,37.612,Kericho
2019,7,1,40.09,34.03,Kericho
2019,7,2,61.313,41.478,Kericho
2019,7,3,32.075,52.896,Kericho
2019,8,1,35.806,42.97,Kericho
2019,8,2,54.209,53.657,Kericho
2019,8,3,80.164,55.761,Kericho
2019,9,1,49.104,38.821,Kericho
2019,9,2,22.104,35.478,Kericho
2019,9,3,53.716,35.313,Kericho
2019,10,1,42.045,33.358,Kericho
2019,10,2,88.582,34,Kericho
2019,10,3,62.701,41.97,Kericho
2019,11,1,30.612,43.91,Kericho
2019,11,2,55.149,35.328,Kericho
2019,11,3,97.119,37.746,Kericho
2019,12,1,105.448,26.716,Kericho
2019,12,2,26.284,22.761,Kericho
2019,12,3,47.985,32.463,Kericho
2020,1,1,10.761,18.836,Kericho
2020,1,2,19.567,25.985,Kericho
2020,1,3,88.627,22.254,Kericho
2020,2,1,25.821,18.642,Kericho
2020,2,2,8.955,23.657,Kericho
2020,2,3,18.418,17.09,Kericho
2020,3,1,102.119,35.075,Kericho
2020,3,2,65.284,38.478,Kericho
2020,3,3,69.299,54.657,Kericho
2020,4,1,32.254,61.493,Kericho
2020,4,2,138.657,64.373,Kericho
2020,4,3,36.507,80.179,Kericho
2020,5,1,86.119,66.373,Kericho
2020,5,2,37.597,58.224,Kericho
2020,5,3,33.731,51.836,Kericho
2020,6,1,92.821,47.821,Kericho
2020,6,2,72.97,40.597,Kericho
2020,6,3,32.433,37.612,Kericho
2020,7,1,43.955,34.03,Kericho
2020,7,2,66.373,41.478,Kericho
2020,7,3,79.164,52.896,Kericho
2020,8,1,46.552,42.97,Kericho
2020,8,2,71.239,53.657,Kericho
2020,8,3,69.104,55.761,Kericho
2020,9,1,47.09,38.821,Kericho
2020,9,2,29.94,35.478,Kericho
2020,9,3,38.134,35.313,Kericho
2020,10,1,43.328,33.358,Kericho
2020,10,2,60.104,34,Kericho
2020,10,3,73.776,41.97,Kericho
2020,11,1,37.537,43.91,Kericho
2020,11,2,57.537,35.328,Kericho
2020,11,3,96.522,37.746,Kericho
2020,12,1,19.313,26.716,Kericho
2020,12,2,36.597,22.761,Kericho
2020,12,3,12.507,32.463,Kericho
2014,1,1,4,13.021,Kirinyaga
2014,1,2,3.833,13.479,Kirinyaga
2014,1,3,3.812,12.812,Kirinyaga
2014,2,1,22.979,6.729,Kirinyaga
2014,2,2,27.229,10.667,Kirinyaga
2014,2,3,4,6.979,Kirinyaga
2014,3,1,7.458,21.167,Kirinyaga
2014,3,2,106.917,24.812,Kirinyaga
2014,3,3,26.333,39.583,Kirinyaga
2014,4,1,51.792,83.479,Kirinyaga
2014,4,2,77.667,82.708,Kirinyaga
2014,4,3,45.333,103.562,Kirinyaga
2014,5,1,36.25,69.188,Kirinyaga
2014,5,2,28.688,51.771,Kirinyaga
2014,5,3,36.5,47.5,Kirinyaga
2014,6,1,24.104,12.938,Kirinyaga
2014,6,2,21.75,11.792,Kirinyaga
2014,6,3,24.854,10.833,Kirinyaga
2014,7,1,11.75,12.521,Kirinyaga
2014,7,2,13.271,12.208,Kirinyaga
2014,7,3,13.625,16.167,Kirinyaga
2014,8,1,9.917,14.146,Kirinyaga
2014,8,2,11.396,11.708,Kirinyaga
2014,8,3,73.833,16,Kirinyaga
2014,9,1,22.708,11.625,Kirinyaga
2014,9,2,16.771,10.958,Kirinyaga
2014,9,3,6.208,9.542,Kirinyaga
2014,10,1,39.583,30.042,Kirinyaga
2014,10,2,44.125,39.521,Kirinyaga
2014,10,3,38.083,64.438,Kirinyaga
2014,11,1,75.708,76.625,Kirinyaga
2014,11,2,75.917,81.646,Kirinyaga
2014,11,3,31.417,63.708,Kirinyaga
2014,12,1,32.25,27.729,Kirinyaga
2014,12,2,16.667,23.271,Kirinyaga
2014,12,3,16.062,22.979,Kirinyaga
2015,1,1,5.604,13.021,Kirinyaga
2015,1,2,5.771,13.479,Kirinyaga
2015,1,3,6.688,12.812,Kirinyaga
2015,2,1,3.417,6.729,Kirinyaga
2015,2,2,19.479,10.667,Kirinyaga
2015,2,3,2.688,6.979,Kirinyaga
2015,3,1,9.917,21.167,Kirinyaga
2015,3,2,9.271,24.812,Kirinyaga
2015,3,3,29.375,39.583,Kirinyaga
2015,4,1,122.542,83.479,Kirinyaga
2015,4,2,99.812,82.708,Kirinyaga
2015,4,3,178.458,103.562,Kirinyaga
2015,5,1,52.75,69.188,Kirinyaga
2015,5,2,57.292,51.771,Kirinyaga
2015,5,3,37.562,47.5,Kirinyaga
2015,6,1,10.333,12.938,Kirinyaga
2015,6,2,7.146,11.792,Kirinyaga
2015,6,3,8.312,10.833,Kirinyaga
2015,7,1,18.292,12.521,Kirinyaga
2015,7,2,18.042,12.208,Kirinyaga
2015,7,3,15.667,16.167,Kirinyaga
2015,8,1,15.958,14.146,Kirinyaga
2015,8,2,6.104,11.708,Kirinyaga
2015,8,3,7.917,16,Kirinyaga
2015,9,1,7.021,11.625,Kirinyaga
2015,9,2,7.375,10.958,Kirinyaga
2015,9,3,5.021,9.542,Kirinyaga
2015,10,1,33.146,30.042,Kirinyaga
2015,10,2,56.833,39.521,Kirinyaga
2015,10,3,66.562,64.438,Kirinyaga
2015,11,1,130.604,76.625,Kirinyaga
2015,11,2,98.562,81.646,Kirinyaga
2015,11,3,98.917,63.708,Kirinyaga
2015,12,1,13.188,27.729,Kirinyaga
2015,12,2,72.792,23.271,Kirinyaga
2015,12,3,17.229,22.979,Kirinyaga
2016,1,1,13.521,13.021,Kirinyaga
2016,1,2,40.167,13.479,Kirinyaga
2016,1,3,17.562,12.812,Kirinyaga
2016,2,1,9.208,6.729,Kirinyaga
2016,2,2,5.417,10.667,Kirinyaga
2016,2,3,5.396,6.979,Kirinyaga
2016,3,1,41.729,21.167,Kirinyaga
2016,3,2,5.229,24.812,Kirinyaga
2016,3,3,8.667,39.583,Kirinyaga
2016,4,1,126.958,83.479,Kirinyaga
2016,4,2,72,82.708,Kirinyaga
2016,4,3,126.917,103.562,Kirinyaga
2016,5,1,41.083,69.188,Kirinyaga
2016,5,2,59.229,51.771,Kirinyaga
2016,5,3,20.083,47.5,Kirinyaga
2016,6,1,12.542,12.938,Kirinyaga
2016,6,2,12.438,11.792,Kirinyaga
2016,6,3,13.625,10.833,Kirinyaga
2016,7,1,8.896,12.521,Kirinyaga
2016,7,2,8.042,12.208,Kirinyaga
2016,7,3,9.562,16.167,Kirinyaga
2016,8,1,12.792,14.146,Kirinyaga
2016,8,2,11.021,11.708,Kirinyaga
2016,8,3,15.771,16,Kirinyaga
2016,9,1,11.188,11.625,Kirinyaga
2016,9,2,8.583,10.958,Kirinyaga
2016,9,3,12.292,9.542,Kirinyaga
2016,10,1,16.438,30.042,Kirinyaga
2016,10,2,12.125,39.521,Kirinyaga
2016,10,3,14.208,64.438,Kirinyaga
2016,11,1,62.271,76.625,Kirinyaga
2016,11,2,80.896,81.646,Kirinyaga
2016,11,3,121,63.708,Kirinyaga
2016,12,1,11.188,27.729,Kirinyaga
2016,12,2,10.062,23.271,Kirinyaga
2016,12,3,9.188,22.979,Kirinyaga
2017,1,1,3.438,13.021,Kirinyaga
2017,1,2,4.625,13.479,Kirinyaga
2017,1,3,5.312,12.812,Kirinyaga
2017,2,1,6.896,6.729,Kirinyaga
2017,2,2,13.771,10.667,Kirinyaga
2017,2,3,19.708,6.979,Kirinyaga
2017,3,1,10.75,21.167,Kirinyaga
2017,3,2,5.562,24.812,Kirinyaga
2017,3,3,14.688,39.583,Kirinyaga
2017,4,1,50.354,83.479,Kirinyaga
2017,4,2,36.646,82.708,Kirinyaga
2017,4,3,60.375,103.562,Kirinyaga
2017,5,1,70.354,69.188,Kirinyaga
2017,5,2,29.417,51.771,Kirinyaga
2017,5,3,33.583,47.5,Kirinyaga
2017,6,1,5.021,12.938,Kirinyaga
2017,6,2,6.688,11.792,Kirinyaga
2017,6,3,8.208,10.833,Kirinyaga
2017,7,1,10.104,12.521,Kirinyaga
2017,7,2,10.896,12.208,Kirinyaga
2017,7,3,18.062,16.167,Kirinyaga
2017,8,1,26,14.146,Kirinyaga
2017,8,2,14.521,11.708,Kirinyaga
2017,8,3,18.229,16,Kirinyaga
2017,9,1,9.167,11.625,Kirinyaga
2017,9,2,18.021,10.958,Kirinyaga
2017,9,3,14.958,9.542,Kirinyaga
2017,10,1,13.812,30.042,Kirinyaga
2017,10,2,58.104,39.521,Kirinyaga
2017,10,3,67.188,64.438,Kirinyaga
2017,11,1,105.146,76.625,Kirinyaga
2017,11,2,93.125,81.646,Kirinyaga
2017,11,3,32.438,63.708,Kirinyaga
2017,12,1,7.896,27.729,Kirinyaga
2017,12,2,7.333,23.271,Kirinyaga
2017,12,3,3.354,22.979,Kirinyaga
2018,1,1,4.479,13.021,Kirinyaga
2018,1,2,4.5,13.479,Kirinyaga
2018,1,3,6.562,12.812,Kirinyaga
2018,2,1,4.562,6.729,Kirinyaga
2018,2,2,4.792,10.667,Kirinyaga
2018,2,3,3.729,6.979,Kirinyaga
2018,3,1,80.521,21.167,Kirinyaga
2018,3,2,81.667,24.812,Kirinyaga
2018,3,3,52.271,39.583,Kirinyaga
2018,4,1,129.583,83.479,Kirinyaga
2018,4,2,238.083,82.708,Kirinyaga
2018,4,3,198.312,103.562,Kirinyaga
2018,5,1,173.5,69.188,Kirinyaga
2018,5,2,129.688,51.771,Kirinyaga
2018,5,3,73.479,47.5,Kirinyaga
2018,6,1,47.771,12.938,Kirinyaga
2018,6,2,27.208,11.792,Kirinyaga
2018,6,3,26.938,10.833,Kirinyaga
2018,7,1,27.104,12.521,Kirinyaga
2018,7,2,24.438,12.208,Kirinyaga
2018,7,3,16.875,16.167,Kirinyaga
2018,8,1,8.312,14.146,Kirinyaga
2018,8,2,11.458,11.708,Kirinyaga
2018,8,3,13.25,16,Kirinyaga
2018,9,1,27.833,11.625,Kirinyaga
2018,9,2,10.833,10.958,Kirinyaga
2018,9,3,21.771,9.542,Kirinyaga
2018,10,1,16.167,30.042,Kirinyaga
2018,10,2,16.729,39.521,Kirinyaga
2018,10,3,44.417,64.438,Kirinyaga
2018,11,1,62.188,76.625,Kirinyaga
2018,11,2,63.062,81.646,Kirinyaga
2018,11,3,48.75,63.708,Kirinyaga
2018,12,1,68.396,27.729,Kirinyaga
2018,12,2,86.354,23.271,Kirinyaga
2018,12,3,8.167,22.979,Kirinyaga
2019,1,1,21.354,13.021,Kirinyaga
2019,1,2,15.854,13.479,Kirinyaga
2019,1,3,8.917,12.812,Kirinyaga
2019,2,1,4.188,6.729,Kirinyaga
2019,2,2,7.75,10.667,Kirinyaga
2019,2,3,11.167,6.979,Kirinyaga
2019,3,1,6.771,21.167,Kirinyaga
2019,3,2,3.125,24.812,Kirinyaga
2019,3,3,16.333,39.583,Kirinyaga
2019,4,1,21.458,83.479,Kirinyaga
2019,4,2,22.708,82.708,Kirinyaga
2019,4,3,172.562,103.562,Kirinyaga
2019,5,1,90.708,69.188,Kirinyaga
2019,5,2,56.792,51.771,Kirinyaga
2019,5,3,49.75,47.5,Kirinyaga
2019,6,1,23.708,12.938,Kirinyaga
2019,6,2,12.146,11.792,Kirinyaga
2019,6,3,12.521,10.833,Kirinyaga
2019,7,1,8.938,12.521,Kirinyaga
2019,7,2,9.292,12.208,Kirinyaga
2019,7,3,26.979,16.167,Kirinyaga
2019,8,1,8.771,14.146,Kirinyaga
2019,8,2,7.938,11.708,Kirinyaga
2019,8,3,19.75,16,Kirinyaga
2019,9,1,20.646,11.625,Kirinyaga
2019,9,2,8.688,10.958,Kirinyaga
2019,9,3,8.292,9.542,Kirinyaga
2019,10,1,168.312,30.042,Kirinyaga
2019,10,2,148.062,39.521,Kirinyaga
2019,10,3,135.438,64.438,Kirinyaga
2019,11,1,66.875,76.625,Kirinyaga
2019,11,2,96.708,81.646,Kirinyaga
2019,11,3,145.167,63.708,Kirinyaga
2019,12,1,178.875,27.729,Kirinyaga
2019,12,2,25.271,23.271,Kirinyaga
2019,12,3,22.958,22.979,Kirinyaga
2020,1,1,20.167,13.021,Kirinyaga
2020,1,2,17.458,13.479,Kirinyaga
2020,1,3,45.604,12.812,Kirinyaga
2020,2,1,21.917,6.729,Kirinyaga
2020,2,2,7.167,10.667,Kirinyaga
2020,2,3,22.688,6.979,Kirinyaga
2020,3,1,77.562,21.167,Kirinyaga
2020,3,2,19.521,24.812,Kirinyaga
2020,3,3,72.708,39.583,Kirinyaga
2020,4,1,47.979,83.479,Kirinyaga
2020,4,2,280.188,82.708,Kirinyaga
2020,4,3,78,103.562,Kirinyaga
2020,5,1,111.208,69.188,Kirinyaga
2020,5,2,44.75,51.771,Kirinyaga
2020,5,3,40.958,47.5,Kirinyaga
2020,6,1,11.875,12.938,Kirinyaga
2020,6,2,14.479,11.792,Kirinyaga
2020,6,3,12.479,10.833,Kirinyaga
2020,7,1,14.417,12.521,Kirinyaga
2020,7,2,10.75,12.208,Kirinyaga
2020,7,3,13.458,16.167,Kirinyaga
2020,8,1,10.062,14.146,Kirinyaga
2020,8,2,13.458,11.708,Kirinyaga
2020,8,3,14.812,16,Kirinyaga
2020,9,1,43.375,11.625,Kirinyaga
2020,9,2,9.625,10.958,Kirinyaga
2020,9,3,11.146,9.542,Kirinyaga
2020,10,1,41.146,30.042,Kirinyaga
2020,10,2,43.75,39.521,Kirinyaga
2020,10,3,82.104,64.438,Kirinyaga
2020,11,1,130.396,76.625,Kirinyaga
2020,11,2,35.208,81.646,Kirinyaga
2020,11,3,52.292,63.708,Kirinyaga
2020,12,1,23.667,27.729,Kirinyaga
2020,12,2,12.271,23.271,Kirinyaga
2020,12,3,40.625,22.979,Kirinyaga
2014,1,1,1.652,9.903,Kitui
2014,1,2,1.324,6.676,Kitui
2014,1,3,1.303,4.882,Kitui
2014,2,1,8.357,2.809,Kitui
2014,2,2,6.471,5.463,Kitui
2014,2,3,1.595,3.788,Kitui
2014,3,1,5.356,17.525,Kitui
2014,3,2,79.641,20.676,Kitui
2014,3,3,27.599,32.028,Kitui
2014,4,1,39.29,49.067,Kitui
2014,4,2,26.027,27.889,Kitui
2014,4,3,13.942,32.315,Kitui
2014,5,1,5.514,11.794,Kitui
2014,5,2,3.368,4.916,Kitui
2014,5,3,3.668,4.819,Kitui
2014,6,1,1.885,1.09,Kitui
2014,6,2,0.779,0.43,Kitui
2014,6,3,1.205,0.592,Kitui
2014,7,1,1.833,1.302,Kitui
2014,7,2,2.502,1.556,Kitui
2014,7,3,2.77,1.877,Kitui
2014,8,1,2.199,1.74,Kitui
2014,8,2,2.371,1.472,Kitui
2014,8,3,2.646,1.674,Kitui
2014,9,1,2.574,1.7,Kitui
2014,9,2,2.942,1.616,Kitui
2014,9,3,2.426,2.777,Kitui
2014,10,1,7.154,6.275,Kitui
2014,10,2,5.794,8.076,Kitui
2014,10,3,5.583,16.942,Kitui
2014,11,1,54.755,61.453,Kitui
2014,11,2,68.127,63.564,Kitui
2014,11,3,27.825,59.767,Kitui
2014,12,1,63.975,46.51,Kitui
2014,12,2,16.004,38.997,Kitui
2014,12,3,17.788,32.392,Kitui
2015,1,1,1.598,9.903,Kitui
2015,1,2,1.477,6.676,Kitui
2015,1,3,1.435,4.882,Kitui
2015,2,1,1.487,2.809,Kitui
2015,2,2,4.154,5.463,Kitui
2015,2,3,1.741,3.788,Kitui
2015,3,1,9.425,17.525,Kitui
2015,3,2,7.028,20.676,Kitui
2015,3,3,15.716,32.028,Kitui
2015,4,1,45.49,49.067,Kitui
2015,4,2,62.048,27.889,Kitui
2015,4,3,57.063,32.315,Kitui
2015,5,1,38.927,11.794,Kitui
2015,5,2,4.578,4.916,Kitui
2015,5,3,4.777,4.819,Kitui
2015,6,1,1.233,1.09,Kitui
2015,6,2,0.438,0.43,Kitui
2015,6,3,0.819,0.592,Kitui
2015,7,1,3.043,1.302,Kitui
2015,7,2,3.224,1.556,Kitui
2015,7,3,3.607,1.877,Kitui
2015,8,1,2.842,1.74,Kitui
2015,8,2,1.722,1.472,Kitui
2015,8,3,2.353,1.674,Kitui
2015,9,1,2.215,1.7,Kitui
2015,9,2,1.746,1.616,Kitui
2015,9,3,2.239,2.777,Kitui
2015,10,1,8.93,6.275,Kitui
2015,10,2,15.507,8.076,Kitui
2015,10,3,14.574,16.942,Kitui
2015,11,1,60.967,61.453,Kitui
2015,11,2,129.278,63.564,Kitui
2015,11,3,85.543,59.767,Kitui
2015,12,1,28.882,46.51,Kitui
2015,12,2,121.921,38.997,Kitui
2015,12,3,14.623,32.392,Kitui
2016,1,1,14.493,9.903,Kitui
2016,1,2,7.181,6.676,Kitui
2016,1,3,5.242,4.882,Kitui
2016,2,1,3.465,2.809,Kitui
2016,2,2,2.572,5.463,Kitui
2016,2,3,3.665,3.788,Kitui
2016,3,1,32.629,17.525,Kitui
2016,3,2,3.208,20.676,Kitui
2016,3,3,2.371,32.028,Kitui
2016,4,1,63.855,49.067,Kitui
2016,4,2,50.592,27.889,Kitui
2016,4,3,44.789,32.315,Kitui
2016,5,1,8.111,11.794,Kitui
2016,5,2,4.999,4.916,Kitui
2016,5,3,2.958,4.819,Kitui
2016,6,1,1.438,1.09,Kitui
2016,6,2,0.61,0.43,Kitui
2016,6,3,0.809,0.592,Kitui
2016,7,1,1.629,1.302,Kitui
2016,7,2,2.16,1.556,Kitui
2016,7,3,2.523,1.877,Kitui
2016,8,1,2.901,1.74,Kitui
2016,8,2,2.613,1.472,Kitui
2016,8,3,3.117,1.674,Kitui
2016,9,1,2.417,1.7,Kitui
2016,9,2,1.843,1.616,Kitui
2016,9,3,3.214,2.777,Kitui
2016,10,1,11.193,6.275,Kitui
2016,10,2,5.318,8.076,Kitui
2016,10,3,5.163,16.942,Kitui
2016,11,1,37.32,61.453,Kitui
2016,11,2,108.743,63.564,Kitui
2016,11,3,57.381,59.767,Kitui
2016,12,1,19.271,46.51,Kitui
2016,12,2,18.871,38.997,Kitui
2016,12,3,15.909,32.392,Kitui
2017,1,1,4.323,9.903,Kitui
2017,1,2,2.662,6.676,Kitui
2017,1,3,3.791,4.882,Kitui
2017,2,1,2.315,2.809,Kitui
2017,2,2,3.641,5.463,Kitui
2017,2,3,13.692,3.788,Kitui
2017,3,1,4.732,17.525,Kitui
2017,3,2,3.265,20.676,Kitui
2017,3,3,4.466,32.028,Kitui
2017,4,1,31.472,49.067,Kitui
2017,4,2,50.498,27.889,Kitui
2017,4,3,13.006,32.315,Kitui
2017,5,1,28.203,11.794,Kitui
2017,5,2,5.13,4.916,Kitui
2017,5,3,5.504,4.819,Kitui
2017,6,1,1.139,1.09,Kitui
2017,6,2,0.683,0.43,Kitui
2017,6,3,0.958,0.592,Kitui
2017,7,1,2.064,1.302,Kitui
2017,7,2,2.459,1.556,Kitui
2017,7,3,4.155,1.877,Kitui
2017,8,1,4.517,1.74,Kitui
2017,8,2,3.572,1.472,Kitui
2017,8,3,3.484,1.674,Kitui
2017,9,1,1.984,1.7,Kitui
2017,9,2,3.42,1.616,Kitui
2017,9,3,3.286,2.777,Kitui
2017,10,1,6.124,6.275,Kitui
2017,10,2,10.039,8.076,Kitui
2017,10,3,13.83,16.942,Kitui
2017,11,1,52.659,61.453,Kitui
2017,11,2,70.692,63.564,Kitui
2017,11,3,27.265,59.767,Kitui
2017,12,1,17.293,46.51,Kitui
2017,12,2,8.564,38.997,Kitui
2017,12,3,9.601,32.392,Kitui
2018,1,1,4.472,9.903,Kitui
2018,1,2,2.063,6.676,Kitui
2018,1,3,2.616,4.882,Kitui
2018,2,1,2.151,2.809,Kitui
2018,2,2,2.72,5.463,Kitui
2018,2,3,2.577,3.788,Kitui
2018,3,1,75.692,17.525,Kitui
2018,3,2,106.57,20.676,Kitui
2018,3,3,21.178,32.028,Kitui
2018,4,1,78.383,49.067,Kitui
2018,4,2,143.676,27.889,Kitui
2018,4,3,66.737,32.315,Kitui
2018,5,1,11.417,11.794,Kitui
2018,5,2,12.163,4.916,Kitui
2018,5,3,7.06,4.819,Kitui
2018,6,1,2.535,1.09,Kitui
2018,6,2,1.454,0.43,Kitui
2018,6,3,2.308,0.592,Kitui
2018,7,1,4.236,1.302,Kitui
2018,7,2,5.133,1.556,Kitui
2018,7,3,4.17,1.877,Kitui
2018,8,1,2.426,1.74,Kitui
2018,8,2,3.38,1.472,Kitui
2018,8,3,2.647,1.674,Kitui
2018,9,1,3.269,1.7,Kitui
2018,9,2,2.555,1.616,Kitui
2018,9,3,5.112,2.777,Kitui
2018,10,1,9.97,6.275,Kitui
2018,10,2,7.952,8.076,Kitui
2018,10,3,18.891,16.942,Kitui
2018,11,1,22.877,61.453,Kitui
2018,11,2,43.454,63.564,Kitui
2018,11,3,42.535,59.767,Kitui
2018,12,1,93.428,46.51,Kitui
2018,12,2,100.173,38.997,Kitui
2018,12,3,11.138,32.392,Kitui
2019,1,1,6.501,9.903,Kitui
2019,1,2,3.552,6.676,Kitui
2019,1,3,4.075,4.882,Kitui
2019,2,1,2.57,2.809,Kitui
2019,2,2,3.593,5.463,Kitui
2019,2,3,5.262,3.788,Kitui
2019,3,1,4.758,17.525,Kitui
2019,3,2,1.997,20.676,Kitui
2019,3,3,3.306,32.028,Kitui
2019,4,1,5.664,49.067,Kitui
2019,4,2,6.723,27.889,Kitui
2019,4,3,74.555,32.315,Kitui
2019,5,1,8.209,11.794,Kitui
2019,5,2,6.184,4.916,Kitui
2019,5,3,4.208,4.819,Kitui
2019,6,1,2.244,1.09,Kitui
2019,6,2,1.604,0.43,Kitui
2019,6,3,1.341,0.592,Kitui
2019,7,1,2.025,1.302,Kitui
2019,7,2,2.54,1.556,Kitui
2019,7,3,2.332,1.877,Kitui
2019,8,1,2.786,1.74,Kitui
2019,8,2,2.039,1.472,Kitui
2019,8,3,2.613,1.674,Kitui
2019,9,1,2.288,1.7,Kitui
2019,9,2,2.359,1.616,Kitui
2019,9,3,2.97,2.777,Kitui
2019,10,1,39.723,6.275,Kitui
2019,10,2,21.448,8.076,Kitui
2019,10,3,69.303,16.942,Kitui
2019,11,1,26.296,61.453,Kitui
2019,11,2,90.559,63.564,Kitui
2019,11,3,158.616,59.767,Kitui
2019,12,1,136.843,46.51,Kitui
2019,12,2,30.919,38.997,Kitui
2019,12,3,68.248,32.392,Kitui
2020,1,1,13.942,9.903,Kitui
2020,1,2,11.164,6.676,Kitui
2020,1,3,26.846,4.882,Kitui
2020,2,1,12.176,2.809,Kitui
2020,2,2,3.323,5.463,Kitui
2020,2,3,13.549,3.788,Kitui
2020,3,1,80.64,17.525,Kitui
2020,3,2,31.383,20.676,Kitui
2020,3,3,54.589,32.028,Kitui
2020,4,1,12.785,49.067,Kitui
2020,4,2,73.36,27.889,Kitui
2020,4,3,36.01,32.315,Kitui
2020,5,1,5.54,11.794,Kitui
2020,5,2,4.568,4.916,Kitui
2020,5,3,4.7,4.819,Kitui
2020,6,1,1.275,1.09,Kitui
2020,6,2,0.827,0.43,Kitui
2020,6,3,1.06,0.592,Kitui
2020,7,1,3.886,1.302,Kitui
2020,7,2,3.59,1.556,Kitui
2020,7,3,3.003,1.877,Kitui
2020,8,1,2.411,1.74,Kitui
2020,8,2,2.354,1.472,Kitui
2020,8,3,2.777,1.674,Kitui
2020,9,1,2.857,1.7,Kitui
2020,9,2,2.022,1.616,Kitui
2020,9,3,2.211,2.777,Kitui
2020,10,1,7.824,6.275,Kitui
2020,10,2,7.517,8.076,Kitui
2020,10,3,11.001,16.942,Kitui
2020,11,1,62.111,61.453,Kitui
2020,11,2,40.75,63.564,Kitui
2020,11,3,65.88,59.767,Kitui
2020,12,1,50.704,46.51,Kitui
2020,12,2,12.785,38.997,Kitui
2020,12,3,50.064,32.392,Kitui
2014,1,1,12.867,19.222,Kakamega
2014,1,2,22.356,22.911,Kakamega
2014,1,3,8.111,22.578,Kakamega
2014,2,1,33.622,24.6,Kakamega
2014,2,2,37.489,25.244,Kakamega
2014,2,3,22.622,22.911,Kakamega
2014,3,1,1.8,44.4,Kakamega
2014,3,2,73.956,52.733,Kakamega
2014,3,3,62.422,69.222,Kakamega
2014,4,1,92.067,80.689,Kakamega
2014,4,2,29.867,77.733,Kakamega
2014,4,3,37.422,101.356,Kakamega
2014,5,1,164.444,93.822,Kakamega
2014,5,2,67.022,81.6,Kakamega
2014,5,3,140.711,79.978,Kakamega
2014,6,1,90,58.289,Kakamega
2014,6,2,81.311,56.4,Kakamega
2014,6,3,24.333,53.689,Kakamega
2014,7,1,34.222,42.933,Kakamega
2014,7,2,43.911,48.911,Kakamega
2014,7,3,126,68.467,Kakamega
2014,8,1,134.844,64.733,Kakamega
2014,8,2,80.978,68.556,Kakamega
2014,8,3,127.8,75.756,Kakamega
2014,9,1,59.867,61.444,Kakamega
2014,9,2,34.2,58.244,Kakamega
2014,9,3,76.178,52.867,Kakamega
2014,10,1,66.667,52.244,Kakamega
2014,10,2,120.978,53.333,Kakamega
2014,10,3,54.6,61.622,Kakamega
2014,11,1,27.267,58.244,Kakamega
2014,11,2,40,43.289,Kakamega
2014,11,3,53.867,43.333,Kakamega
2014,12,1,49.133,30.622,Kakamega
2014,12,2,19.156,23,Kakamega
2014,12,3,18.822,31.822,Kakamega
2015,1,1,1.8,19.222,Kakamega
2015,1,2,1.222,22.911,Kakamega
2015,1,3,1.778,22.578,Kakamega
2015,2,1,1.933,24.6,Kakamega
2015,2,2,30.133,25.244,Kakamega
2015,2,3,4.067,22.911,Kakamega
2015,3,1,8.467,44.4,Kakamega
2015,3,2,0.844,52.733,Kakamega
2015,3,3,80.133,69.222,Kakamega
2015,4,1,182.4,80.689,Kakamega
2015,4,2,71.2,77.733,Kakamega
2015,4,3,87.244,101.356,Kakamega
2015,5,1,136.689,93.822,Kakamega
2015,5,2,67.667,81.6,Kakamega
2015,5,3,131.667,79.978,Kakamega
2015,6,1,69.444,58.289,Kakamega
2015,6,2,109.911,56.4,Kakamega
2015,6,3,33.156,53.689,Kakamega
2015,7,1,21.6,42.933,Kakamega
2015,7,2,33.8,48.911,Kakamega
2015,7,3,91.867,68.467,Kakamega
2015,8,1,64.289,64.733,Kakamega
2015,8,2,28.911,68.556,Kakamega
2015,8,3,34.022,75.756,Kakamega
2015,9,1,69.911,61.444,Kakamega
2015,9,2,35.2,58.244,Kakamega
2015,9,3,51.778,52.867,Kakamega
2015,10,1,28.467,52.244,Kakamega
2015,10,2,56.022,53.333,Kakamega
2015,10,3,159.644,61.622,Kakamega
2015,11,1,73.311,58.244,Kakamega
2015,11,2,62.067,43.289,Kakamega
2015,11,3,28.911,43.333,Kakamega
2015,12,1,63.244,30.622,Kakamega
2015,12,2,60.8,23,Kakamega
2015,12,3,20.356,31.822,Kakamega
2016,1,1,11.822,19.222,Kakamega
2016,1,2,57.044,22.911,Kakamega
2016,1,3,16.956,22.578,Kakamega
2016,2,1,6.978,24.6,Kakamega
2016,2,2,9.667,25.244,Kakamega
2016,2,3,10.222,22.911,Kakamega
2016,3,1,83,44.4,Kakamega
2016,3,2,12.844,52.733,Kakamega
2016,3,3,28.156,69.222,Kakamega
2016,4,1,183.844,80.689,Kakamega
2016,4,2,151.356,77.733,Kakamega
2016,4,3,106.533,101.356,Kakamega
2016,5,1,144.133,93.822,Kakamega
2016,5,2,104.978,81.6,Kakamega
2016,5,3,44.667,79.978,Kakamega
2016,6,1,21.444,58.289,Kakamega
2016,6,2,54.8,56.4,Kakamega
2016,6,3,66.4,53.689,Kakamega
2016,7,1,25.556,42.933,Kakamega
2016,7,2,77.978,48.911,Kakamega
2016,7,3,63.733,68.467,Kakamega
2016,8,1,55.511,64.733,Kakamega
2016,8,2,28.444,68.556,Kakamega
2016,8,3,26.889,75.756,Kakamega
2016,9,1,24.911,61.444,Kakamega
2016,9,2,36.133,58.244,Kakamega
2016,9,3,56.711,52.867,Kakamega
2016,10,1,56.222,52.244,Kakamega
2016,10,2,21.444,53.333,Kakamega
2016,10,3,31.956,61.622,Kakamega
2016,11,1,44.356,58.244,Kakamega
2016,11,2,11,43.289,Kakamega
2016,11,3,59.8,43.333,Kakamega
2016,12,1,7.378,30.622,Kakamega
2016,12,2,6.467,23,Kakamega
2016,12,3,2.644,31.822,Kakamega
2017,1,1,2.311,19.222,Kakamega
2017,1,2,1.8,22.911,Kakamega
2017,1,3,47.111,22.578,Kakamega
2017,2,1,10.844,24.6,Kakamega
2017,2,2,55.933,25.244,Kakamega
2017,2,3,90.867,22.911,Kakamega
2017,3,1,11.156,44.4,Kakamega
2017,3,2,40.156,52.733,Kakamega
2017,3,3,54.889,69.222,Kakamega
2017,4,1,31.822,80.689,Kakamega
2017,4,2,78.622,77.733,Kakamega
2017,4,3,101.978,101.356,Kakamega
2017,5,1,152.044,93.822,Kakamega
2017,5,2,100.289,81.6,Kakamega
2017,5,3,68.422,79.978,Kakamega
2017,6,1,52.356,58.289,Kakamega
2017,6,2,37.556,56.4,Kakamega
2017,6,3,67.133,53.689,Kakamega
2017,7,1,46.911,42.933,Kakamega
2017,7,2,116.933,48.911,Kakamega
2017,7,3,85.6,68.467,Kakamega
2017,8,1,85.244,64.733,Kakamega
2017,8,2,82.889,68.556,Kakamega
2017,8,3,87.956,75.756,Kakamega
2017,9,1,71.822,61.444,Kakamega
2017,9,2,78.089,58.244,Kakamega
2017,9,3,52.778,52.867,Kakamega
2017,10,1,30.867,52.244,Kakamega
2017,10,2,96.622,53.333,Kakamega
2017,10,3,52.2,61.622,Kakamega
2017,11,1,107.578,58.244,Kakamega
2017,11,2,7.956,43.289,Kakamega
2017,11,3,44.911,43.333,Kakamega
2017,12,1,30.133,30.622,Kakamega
2017,12,2,1.244,23,Kakamega
2017,12,3,4.467,31.822,Kakamega
2018,1,1,5.067,19.222,Kakamega
2018,1,2,8.4,22.911,Kakamega
2018,1,3,8.711,22.578,Kakamega
2018,2,1,3.644,24.6,Kakamega
2018,2,2,26.533,25.244,Kakamega
2018,2,3,34.022,22.911,Kakamega
2018,3,1,85.311,44.4,Kakamega
2018,3,2,136.022,52.733,Kakamega
2018,3,3,51.556,69.222,Kakamega
2018,4,1,147.178,80.689,Kakamega
2018,4,2,142.911,77.733,Kakamega
2018,4,3,129.2,101.356,Kakamega
2018,5,1,129.311,93.822,Kakamega
2018,5,2,116.022,81.6,Kakamega
2018,5,3,127.667,79.978,Kakamega
2018,6,1,66.8,58.289,Kakamega
2018,6,2,49.644,56.4,Kakamega
2018,6,3,103.489,53.689,Kakamega
2018,7,1,76.4,42.933,Kakamega
2018,7,2,59.356,48.911,Kakamega
2018,7,3,54.178,68.467,Kakamega
2018,8,1,22.067,64.733,Kakamega
2018,8,2,34.356,68.556,Kakamega
2018,8,3,92.4,75.756,Kakamega
2018,9,1,42.378,61.444,Kakamega
2018,9,2,29.867,58.244,Kakamega
2018,9,3,28.133,52.867,Kakamega
2018,10,1,47.244,52.244,Kakamega
2018,10,2,120.333,53.333,Kakamega
2018,10,3,38.133,61.622,Kakamega
2018,11,1,28.489,58.244,Kakamega
2018,11,2,35.489,43.289,Kakamega
2018,11,3,1.289,43.333,Kakamega
2018,12,1,48.467,30.622,Kakamega
2018,12,2,49.889,23,Kakamega
2018,12,3,24.222,31.822,Kakamega
2019,1,1,2.933,19.222,Kakamega
2019,1,2,19.156,22.911,Kakamega
2019,1,3,4.4,22.578,Kakamega
2019,2,1,3.4,24.6,Kakamega
2019,2,2,17.933,25.244,Kakamega
2019,2,3,56.267,22.911,Kakamega
2019,3,1,49.489,44.4,Kakamega
2019,3,2,1.267,52.733,Kakamega
2019,3,3,23.756,69.222,Kakamega
2019,4,1,40.8,80.689,Kakamega
2019,4,2,18.622,77.733,Kakamega
2019,4,3,153.133,101.356,Kakamega
2019,5,1,79.889,93.822,Kakamega
2019,5,2,76.933,81.6,Kakamega
2019,5,3,99.022,79.978,Kakamega
2019,6,1,90.644,58.289,Kakamega
2019,6,2,53.422,56.4,Kakamega
2019,6,3,53.444,53.689,Kakamega
2019,7,1,56.6,42.933,Kakamega
2019,7,2,143.711,48.911,Kakamega
2019,7,3,48.578,68.467,Kakamega
2019,8,1,108.4,64.733,Kakamega
2019,8,2,52.578,68.556,Kakamega
2019,8,3,119.244,75.756,Kakamega
2019,9,1,82.644,61.444,Kakamega
2019,9,2,39.733,58.244,Kakamega
2019,9,3,59.422,52.867,Kakamega
2019,10,1,87.267,52.244,Kakamega
2019,10,2,133.022,53.333,Kakamega
2019,10,3,78.133,61.622,Kakamega
2019,11,1,43.956,58.244,Kakamega
2019,11,2,43.133,43.289,Kakamega
2019,11,3,110.822,43.333,Kakamega
2019,12,1,104.133,30.622,Kakamega
2019,12,2,29.6,23,Kakamega
2019,12,3,64.467,31.822,Kakamega
2020,1,1,6.311,19.222,Kakamega
2020,1,2,18.667,22.911,Kakamega
2020,1,3,88.756,22.578,Kakamega
2020,2,1,40.133,24.6,Kakamega
2020,2,2,9.822,25.244,Kakamega
2020,2,3,24.111,22.911,Kakamega
2020,3,1,111.489,44.4,Kakamega
2020,3,2,121.733,52.733,Kakamega
2020,3,3,95.222,69.222,Kakamega
2020,4,1,44.756,80.689,Kakamega
2020,4,2,139.267,77.733,Kakamega
2020,4,3,38,101.356,Kakamega
2020,5,1,102.178,93.822,Kakamega
2020,5,2,53.333,81.6,Kakamega
2020,5,3,64.822,79.978,Kakamega
2020,6,1,78.467,58.289,Kakamega
2020,6,2,87.956,56.4,Kakamega
2020,6,3,55.933,53.689,Kakamega
2020,7,1,57.822,42.933,Kakamega
2020,7,2,86.6,48.911,Kakamega
2020,7,3,82.956,68.467,Kakamega
2020,8,1,47.6,64.733,Kakamega
2020,8,2,97.311,68.556,Kakamega
2020,8,3,113.978,75.756,Kakamega
2020,9,1,75.044,61.444,Kakamega
2020,9,2,54.111,58.244,Kakamega
2020,9,3,73.333,52.867,Kakamega
2020,10,1,88.422,52.244,Kakamega
2020,10,2,71.511,53.333,Kakamega
2020,10,3,79.667,61.622,Kakamega
2020,11,1,50.844,58.244,Kakamega
2020,11,2,63.933,43.289,Kakamega
2020,11,3,104.578,43.333,Kakamega
2020,12,1,21.067,30.622,Kakamega
2020,12,2,24.422,23,Kakamega
2020,12,3,16.222,31.822,Kakamega
2014,1,1,0.882,1.553,Wajir
2014,1,2,0.036,0.258,Wajir
2014,1,3,0.116,0.386,Wajir
2014,2,1,1.295,0.47,Wajir
2014,2,2,1.283,0.794,Wajir
2014,2,3,1.122,1.414,Wajir
2014,3,1,1.395,4.015,Wajir
2014,3,2,16.095,5.044,Wajir
2014,3,3,17.105,14.069,Wajir
2014,4,1,25.107,37.217,Wajir
2014,4,2,86.506,45.449,Wajir
2014,4,3,18.164,40.779,Wajir
2014,5,1,13.104,11.132,Wajir
2014,5,2,12.023,7.017,Wajir
2014,5,3,9.657,5.585,Wajir
2014,6,1,1.333,0.852,Wajir
2014,6,2,0.036,0.016,Wajir
2014,6,3,0.076,0.018,Wajir
2014,7,1,0.928,0.637,Wajir
2014,7,2,1.207,0.813,Wajir
2014,7,3,1.257,0.916,Wajir
2014,8,1,0.584,0.374,Wajir
2014,8,2,0.602,0.31,Wajir
2014,8,3,0.706,0.382,Wajir
2014,9,1,0.514,0.328,Wajir
2014,9,2,0.692,0.471,Wajir
2014,9,3,1.253,1.302,Wajir
2014,10,1,6.173,8.003,Wajir
2014,10,2,6.573,17.065,Wajir
2014,10,3,4.816,23.541,Wajir
2014,11,1,41.374,27.964,Wajir
2014,11,2,34.57,28.638,Wajir
2014,11,3,15.874,26.768,Wajir
2014,12,1,3.444,14.661,Wajir
2014,12,2,3.281,6.395,Wajir
2014,12,3,5.733,5.05,Wajir
2015,1,1,1.005,1.553,Wajir
2015,1,2,0.269,0.258,Wajir
2015,1,3,0.355,0.386,Wajir
2015,2,1,0.445,0.47,Wajir
2015,2,2,1.028,0.794,Wajir
2015,2,3,1.073,1.414,Wajir
2015,3,1,1.259,4.015,Wajir
2015,3,2,1.228,5.044,Wajir
2015,3,3,31.886,14.069,Wajir
2015,4,1,55.732,37.217,Wajir
2015,4,2,50.804,45.449,Wajir
2015,4,3,25.961,40.779,Wajir
2015,5,1,6.736,11.132,Wajir
2015,5,2,2.302,7.017,Wajir
2015,5,3,3.644,5.585,Wajir
2015,6,1,1.004,0.852,Wajir
2015,6,2,0.052,0.016,Wajir
2015,6,3,0.091,0.018,Wajir
2015,7,1,1.043,0.637,Wajir
2015,7,2,1.241,0.813,Wajir
2015,7,3,1.249,0.916,Wajir
2015,8,1,0.561,0.374,Wajir
2015,8,2,0.443,0.31,Wajir
2015,8,3,0.574,0.382,Wajir
2015,9,1,0.5,0.328,Wajir
2015,9,2,0.608,0.471,Wajir
2015,9,3,1.133,1.302,Wajir
2015,10,1,17.932,8.003,Wajir
2015,10,2,28.241,17.065,Wajir
2015,10,3,4.604,23.541,Wajir
2015,11,1,36.102,27.964,Wajir
2015,11,2,40.698,28.638,Wajir
2015,11,3,43.143,26.768,Wajir
2015,12,1,7.281,14.661,Wajir
2015,12,2,6.977,6.395,Wajir
2015,12,3,11.978,5.05,Wajir
2016,1,1,3.04,1.553,Wajir
2016,1,2,0.768,0.258,Wajir
2016,1,3,0.527,0.386,Wajir
2016,2,1,1.579,0.47,Wajir
2016,2,2,2.314,0.794,Wajir
2016,2,3,5.343,1.414,Wajir
2016,3,1,3.94,4.015,Wajir
2016,3,2,0.851,5.044,Wajir
2016,3,3,0.97,14.069,Wajir
2016,4,1,24.913,37.217,Wajir
2016,4,2,42.416,45.449,Wajir
2016,4,3,49.121,40.779,Wajir
2016,5,1,25.796,11.132,Wajir
2016,5,2,2.893,7.017,Wajir
2016,5,3,3.092,5.585,Wajir
2016,6,1,1.216,0.852,Wajir
2016,6,2,0.05,0.016,Wajir
2016,6,3,0.087,0.018,Wajir
2016,7,1,1.078,0.637,Wajir
2016,7,2,1.351,0.813,Wajir
2016,7,3,1.462,0.916,Wajir
2016,8,1,0.515,0.374,Wajir
2016,8,2,0.387,0.31,Wajir
2016,8,3,0.569,0.382,Wajir
2016,9,1,0.504,0.328,Wajir
2016,9,2,0.612,0.471,Wajir
2016,9,3,1.17,1.302,Wajir
2016,10,1,4.337,8.003,Wajir
2016,10,2,1.842,17.065,Wajir
2016,10,3,3.775,23.541,Wajir
2016,11,1,15.075,27.964,Wajir
2016,11,2,60.059,28.638,Wajir
2016,11,3,43.138,26.768,Wajir
2016,12,1,13.625,14.661,Wajir
2016,12,2,6.601,6.395,Wajir
2016,12,3,9.162,5.05,Wajir
2017,1,1,1.077,1.553,Wajir
2017,1,2,0.181,0.258,Wajir
2017,1,3,0.357,0.386,Wajir
2017,2,1,0.578,0.47,Wajir
2017,2,2,6.742,0.794,Wajir
2017,2,3,1.239,1.414,Wajir
2017,3,1,1.433,4.015,Wajir
2017,3,2,0.559,5.044,Wajir
2017,3,3,1.343,14.069,Wajir
2017,4,1,37.999,37.217,Wajir
2017,4,2,32.654,45.449,Wajir
2017,4,3,28.66,40.779,Wajir
2017,5,1,33.352,11.132,Wajir
2017,5,2,4.103,7.017,Wajir
2017,5,3,7.923,5.585,Wajir
2017,6,1,1.18,0.852,Wajir
2017,6,2,0.077,0.016,Wajir
2017,6,3,0.097,0.018,Wajir
2017,7,1,0.853,0.637,Wajir
2017,7,2,1.13,0.813,Wajir
2017,7,3,1.959,0.916,Wajir
2017,8,1,0.639,0.374,Wajir
2017,8,2,0.528,0.31,Wajir
2017,8,3,0.645,0.382,Wajir
2017,9,1,0.574,0.328,Wajir
2017,9,2,0.72,0.471,Wajir
2017,9,3,1.699,1.302,Wajir
2017,10,1,5.346,8.003,Wajir
2017,10,2,7.377,17.065,Wajir
2017,10,3,27.632,23.541,Wajir
2017,11,1,45.186,27.964,Wajir
2017,11,2,54.303,28.638,Wajir
2017,11,3,7.369,26.768,Wajir
2017,12,1,0.698,14.661,Wajir
2017,12,2,1.181,6.395,Wajir
2017,12,3,1.211,5.05,Wajir
2018,1,1,0.812,1.553,Wajir
2018,1,2,0.053,0.258,Wajir
2018,1,3,0.195,0.386,Wajir
2018,2,1,0.76,0.47,Wajir
2018,2,2,1.787,0.794,Wajir
2018,2,3,2.719,1.414,Wajir
2018,3,1,25.66,4.015,Wajir
2018,3,2,37.738,5.044,Wajir
2018,3,3,25.941,14.069,Wajir
2018,4,1,81.323,37.217,Wajir
2018,4,2,89.064,45.449,Wajir
2018,4,3,40.68,40.779,Wajir
2018,5,1,25.352,11.132,Wajir
2018,5,2,13.929,7.017,Wajir
2018,5,3,10.066,5.585,Wajir
2018,6,1,1.046,0.852,Wajir
2018,6,2,0.058,0.016,Wajir
2018,6,3,0.146,0.018,Wajir
2018,7,1,1.13,0.637,Wajir
2018,7,2,1.601,0.813,Wajir
2018,7,3,1.508,0.916,Wajir
2018,8,1,0.626,0.374,Wajir
2018,8,2,0.478,0.31,Wajir
2018,8,3,0.576,0.382,Wajir
2018,9,1,0.442,0.328,Wajir
2018,9,2,0.568,0.471,Wajir
2018,9,3,2.036,1.302,Wajir
2018,10,1,4.195,8.003,Wajir
2018,10,2,3.512,17.065,Wajir
2018,10,3,40.009,23.541,Wajir
2018,11,1,5.065,27.964,Wajir
2018,11,2,12.358,28.638,Wajir
2018,11,3,15.257,26.768,Wajir
2018,12,1,68.426,14.661,Wajir
2018,12,2,57.467,6.395,Wajir
2018,12,3,16.208,5.05,Wajir
2019,1,1,1.688,1.553,Wajir
2019,1,2,0.585,0.258,Wajir
2019,1,3,0.347,0.386,Wajir
2019,2,1,0.6,0.47,Wajir
2019,2,2,1.212,0.794,Wajir
2019,2,3,1.798,1.414,Wajir
2019,3,1,0.726,4.015,Wajir
2019,3,2,0.615,5.044,Wajir
2019,3,3,10.212,14.069,Wajir
2019,4,1,7.403,37.217,Wajir
2019,4,2,6.805,45.449,Wajir
2019,4,3,59.812,40.779,Wajir
2019,5,1,4.974,11.132,Wajir
2019,5,2,8.388,7.017,Wajir
2019,5,3,18.122,5.585,Wajir
2019,6,1,0.812,0.852,Wajir
2019,6,2,0.023,0.016,Wajir
2019,6,3,0.056,0.018,Wajir
2019,7,1,0.872,0.637,Wajir
2019,7,2,1.467,0.813,Wajir
2019,7,3,1.215,0.916,Wajir
2019,8,1,1.41,0.374,Wajir
2019,8,2,0.404,0.31,Wajir
2019,8,3,0.561,0.382,Wajir
2019,9,1,0.758,0.328,Wajir
2019,9,2,0.637,0.471,Wajir
2019,9,3,1.973,1.302,Wajir
2019,10,1,60.643,8.003,Wajir
2019,10,2,43.312,17.065,Wajir
2019,10,3,31.124,23.541,Wajir
2019,11,1,23.035,27.964,Wajir
2019,11,2,56.878,28.638,Wajir
2019,11,3,81.524,26.768,Wajir
2019,12,1,5.956,14.661,Wajir
2019,12,2,25.138,6.395,Wajir
2019,12,3,4.447,5.05,Wajir
2020,1,1,2.847,1.553,Wajir
2020,1,2,1.638,0.258,Wajir
2020,1,3,2.575,0.386,Wajir
2020,2,1,0.525,0.47,Wajir
2020,2,2,1.453,0.794,Wajir
2020,2,3,3.572,1.414,Wajir
2020,3,1,2.897,4.015,Wajir
2020,3,2,4.049,5.044,Wajir
2020,3,3,44.135,14.069,Wajir
2020,4,1,12.846,37.217,Wajir
2020,4,2,94.992,45.449,Wajir
2020,4,3,34.904,40.779,Wajir
2020,5,1,3.286,11.132,Wajir
2020,5,2,4.707,7.017,Wajir
2020,5,3,4.102,5.585,Wajir
2020,6,1,0.813,0.852,Wajir
2020,6,2,0.023,0.016,Wajir
2020,6,3,0.094,0.018,Wajir
2020,7,1,1.415,0.637,Wajir
2020,7,2,1.195,0.813,Wajir
2020,7,3,1.528,0.916,Wajir
2020,8,1,0.472,0.374,Wajir
2020,8,2,0.476,0.31,Wajir
2020,8,3,0.564,0.382,Wajir
2020,9,1,0.474,0.328,Wajir
2020,9,2,0.604,0.471,Wajir
2020,9,3,1.133,1.302,Wajir
2020,10,1,5.106,8.003,Wajir
2020,10,2,3.871,17.065,Wajir
2020,10,3,25.056,23.541,Wajir
2020,11,1,51.216,27.964,Wajir
2020,11,2,10.784,28.638,Wajir
2020,11,3,8.713,26.768,Wajir
2020,12,1,6.614,14.661,Wajir
2020,12,2,1.654,6.395,Wajir
2020,12,3,14.088,5.05,Wajir
2014,1,1,3.217,14.261,Embu
2014,1,2,2.783,11.826,Embu
2014,1,3,3,12,Embu
2014,2,1,24.565,6.783,Embu
2014,2,2,24.957,11.391,Embu
2014,2,3,4.348,7.826,Embu
2014,3,1,7.043,23.435,Embu
2014,3,2,113.87,27.913,Embu
2014,3,3,29.174,45.826,Embu
2014,4,1,75.087,101.087,Embu
2014,4,2,106.348,99.609,Embu
2014,4,3,52.174,125.217,Embu
2014,5,1,31.609,71.739,Embu
2014,5,2,27.304,53.652,Embu
2014,5,3,36.609,47.957,Embu
2014,6,1,20.174,11.348,Embu
2014,6,2,16.174,9.217,Embu
2014,6,3,17.87,9,Embu
2014,7,1,11,11.783,Embu
2014,7,2,12.522,12.261,Embu
2014,7,3,10.652,14.957,Embu
2014,8,1,9.609,15.174,Embu
2014,8,2,10.957,12.696,Embu
2014,8,3,77.783,16.696,Embu
2014,9,1,20.565,11.87,Embu
2014,9,2,15.261,11,Embu
2014,9,3,6.261,9.478,Embu
2014,10,1,47.13,36.826,Embu
2014,10,2,53.783,52.261,Embu
2014,10,3,45.609,87,Embu
2014,11,1,109.087,101.043,Embu
2014,11,2,100.957,111.043,Embu
2014,11,3,33.652,85.478,Embu
2014,12,1,46.739,34.913,Embu
2014,12,2,14.261,24.478,Embu
2014,12,3,12.957,22.696,Embu
2015,1,1,4.783,14.261,Embu
2015,1,2,5,11.826,Embu
2015,1,3,5.435,12,Embu
2015,2,1,3.696,6.783,Embu
2015,2,2,16.478,11.391,Embu
2015,2,3,3.13,7.826,Embu
2015,3,1,10.391,23.435,Embu
2015,3,2,9.478,27.913,Embu
2015,3,3,40.13,45.826,Embu
2015,4,1,147.87,101.087,Embu
2015,4,2,120.696,99.609,Embu
2015,4,3,235.87,125.217,Embu
2015,5,1,58.13,71.739,Embu
2015,5,2,47.304,53.652,Embu
2015,5,3,33.913,47.957,Embu
2015,6,1,9.087,11.348,Embu
2015,6,2,4.826,9.217,Embu
2015,6,3,5.609,9,Embu
2015,7,1,16.348,11.783,Embu
2015,7,2,18.435,12.261,Embu
2015,7,3,15.174,14.957,Embu
2015,8,1,15.565,15.174,Embu
2015,8,2,5.783,12.696,Embu
2015,8,3,7.348,16.696,Embu
2015,9,1,6.391,11.87,Embu
2015,9,2,6.913,11,Embu
2015,9,3,5.043,9.478,Embu
2015,10,1,36.174,36.826,Embu
2015,10,2,86.087,52.261,Embu
2015,10,3,57.348,87,Embu
2015,11,1,158.652,101.043,Embu
2015,11,2,141.739,111.043,Embu
2015,11,3,155,85.478,Embu
2015,12,1,12.174,34.913,Embu
2015,12,2,78.957,24.478,Embu
2015,12,3,15.13,22.696,Embu
2016,1,1,14.13,14.261,Embu
2016,1,2,20.826,11.826,Embu
2016,1,3,15.652,12,Embu
2016,2,1,11.13,6.783,Embu
2016,2,2,6.435,11.391,Embu
2016,2,3,6.348,7.826,Embu
2016,3,1,43.261,23.435,Embu
2016,3,2,4.957,27.913,Embu
2016,3,3,7.783,45.826,Embu
2016,4,1,118.609,101.087,Embu
2016,4,2,86.217,99.609,Embu
2016,4,3,142.435,125.217,Embu
2016,5,1,61.652,71.739,Embu
2016,5,2,35.87,53.652,Embu
2016,5,3,17.696,47.957,Embu
2016,6,1,10.217,11.348,Embu
2016,6,2,8.522,9.217,Embu
2016,6,3,9.522,9,Embu
2016,7,1,8.261,11.783,Embu
2016,7,2,7.913,12.261,Embu
2016,7,3,10.174,14.957,Embu
2016,8,1,11.043,15.174,Embu
2016,8,2,9.87,12.696,Embu
2016,8,3,14.261,16.696,Embu
2016,9,1,9.957,11.87,Embu
2016,9,2,8.435,11,Embu
2016,9,3,11.739,9.478,Embu
2016,10,1,18.565,36.826,Embu
2016,10,2,12.609,52.261,Embu
2016,10,3,15.043,87,Embu
2016,11,1,75.13,101.043,Embu
2016,11,2,107.087,111.043,Embu
2016,11,3,141.783,85.478,Embu
2016,12,1,10.565,34.913,Embu
2016,12,2,9.174,24.478,Embu
2016,12,3,9.652,22.696,Embu
2017,1,1,2.783,14.261,Embu
2017,1,2,2.739,11.826,Embu
2017,1,3,3.522,12,Embu
2017,2,1,7.13,6.783,Embu
2017,2,2,14.478,11.391,Embu
2017,2,3,13.478,7.826,Embu
2017,3,1,11,23.435,Embu
2017,3,2,5.348,27.913,Embu
2017,3,3,13.609,45.826,Embu
2017,4,1,77.739,101.087,Embu
2017,4,2,43.174,99.609,Embu
2017,4,3,63,125.217,Embu
2017,5,1,65.261,71.739,Embu
2017,5,2,28.652,53.652,Embu
2017,5,3,31.304,47.957,Embu
2017,6,1,4.043,11.348,Embu
2017,6,2,4.783,9.217,Embu
2017,6,3,6.043,9,Embu
2017,7,1,8.826,11.783,Embu
2017,7,2,8.696,12.261,Embu
2017,7,3,18.087,14.957,Embu
2017,8,1,18.304,15.174,Embu
2017,8,2,12.652,12.696,Embu
2017,8,3,15.391,16.696,Embu
2017,9,1,7.913,11.87,Embu
2017,9,2,14.391,11,Embu
2017,9,3,14.826,9.478,Embu
2017,10,1,15.826,36.826,Embu
2017,10,2,74.696,52.261,Embu
2017,10,3,75.783,87,Embu
2017,11,1,150.304,101.043,Embu
2017,11,2,129.652,111.043,Embu
2017,11,3,31.217,85.478,Embu
2017,12,1,8,34.913,Embu
2017,12,2,6.87,24.478,Embu
2017,12,3,2.739,22.696,Embu
2018,1,1,2.783,14.261,Embu
2018,1,2,2.696,11.826,Embu
2018,1,3,3.957,12,Embu
2018,2,1,3,6.783,Embu
2018,2,2,4,11.391,Embu
2018,2,3,3.13,7.826,Embu
2018,3,1,90.304,23.435,Embu
2018,3,2,100.391,27.913,Embu
2018,3,3,56,45.826,Embu
2018,4,1,133.565,101.087,Embu
2018,4,2,290.217,99.609,Embu
2018,4,3,242.478,125.217,Embu
2018,5,1,147.696,71.739,Embu
2018,5,2,153.913,53.652,Embu
2018,5,3,80.478,47.957,Embu
2018,6,1,36.087,11.348,Embu
2018,6,2,21.174,9.217,Embu
2018,6,3,22.522,9,Embu
2018,7,1,25.739,11.783,Embu
2018,7,2,23.522,12.261,Embu
2018,7,3,16.348,14.957,Embu
2018,8,1,7.87,15.174,Embu
2018,8,2,9.957,12.696,Embu
2018,8,3,7.652,16.696,Embu
2018,9,1,26.565,11.87,Embu
2018,9,2,11.087,11,Embu
2018,9,3,22.348,9.478,Embu
2018,10,1,17.522,36.826,Embu
2018,10,2,22.435,52.261,Embu
2018,10,3,50.435,87,Embu
2018,11,1,76.826,101.043,Embu
2018,11,2,77.565,111.043,Embu
2018,11,3,54.696,85.478,Embu
2018,12,1,79.826,34.913,Embu
2018,12,2,86.522,24.478,Embu
2018,12,3,7,22.696,Embu
2019,1,1,20.261,14.261,Embu
2019,1,2,14.13,11.826,Embu
2019,1,3,7.478,12,Embu
2019,2,1,4.087,6.783,Embu
2019,2,2,8.043,11.391,Embu
2019,2,3,13.304,7.826,Embu
2019,3,1,6.435,23.435,Embu
2019,3,2,2.739,27.913,Embu
2019,3,3,16.522,45.826,Embu
2019,4,1,21.174,101.087,Embu
2019,4,2,23.087,99.609,Embu
2019,4,3,188.087,125.217,Embu
2019,5,1,81.696,71.739,Embu
2019,5,2,60.783,53.652,Embu
2019,5,3,50.913,47.957,Embu
2019,6,1,26.826,11.348,Embu
2019,6,2,9.13,9.217,Embu
2019,6,3,9.304,9,Embu
2019,7,1,8.609,11.783,Embu
2019,7,2,8.739,12.261,Embu
2019,7,3,27.696,14.957,Embu
2019,8,1,9.522,15.174,Embu
2019,8,2,7.478,12.696,Embu
2019,8,3,14.174,16.696,Embu
2019,9,1,13.957,11.87,Embu
2019,9,2,7.783,11,Embu
2019,9,3,7.957,9.478,Embu
2019,10,1,195,36.826,Embu
2019,10,2,170.783,52.261,Embu
2019,10,3,175.565,87,Embu
2019,11,1,93.304,101.043,Embu
2019,11,2,114.348,111.043,Embu
2019,11,3,191.435,85.478,Embu
2019,12,1,206.783,34.913,Embu
2019,12,2,31.304,24.478,Embu
2019,12,3,20.348,22.696,Embu
2020,1,1,19.13,14.261,Embu
2020,1,2,16.522,11.826,Embu
2020,1,3,50.087,12,Embu
2020,2,1,27.348,6.783,Embu
2020,2,2,7.261,11.391,Embu
2020,2,3,26.739,7.826,Embu
2020,3,1,92.391,23.435,Embu
2020,3,2,21.391,27.913,Embu
2020,3,3,87.739,45.826,Embu
2020,4,1,48.826,101.087,Embu
2020,4,2,320.304,99.609,Embu
2020,4,3,96.565,125.217,Embu
2020,5,1,133.696,71.739,Embu
2020,5,2,41.652,53.652,Embu
2020,5,3,40.435,47.957,Embu
2020,6,1,9.826,11.348,Embu
2020,6,2,9.174,9.217,Embu
2020,6,3,8.565,9,Embu
2020,7,1,13.435,11.783,Embu
2020,7,2,10.304,12.261,Embu
2020,7,3,14.913,14.957,Embu
2020,8,1,10.174,15.174,Embu
2020,8,2,13.304,12.696,Embu
2020,8,3,14.217,16.696,Embu
2020,9,1,36.739,11.87,Embu
2020,9,2,8.826,11,Embu
2020,9,3,11.261,9.478,Embu
2020,10,1,49.174,36.826,Embu
2020,10,2,47.87,52.261,Embu
2020,10,3,96.957,87,Embu
2020,11,1,170.261,101.043,Embu
2020,11,2,47.609,111.043,Embu
2020,11,3,70.261,85.478,Embu
2020,12,1,27.522,34.913,Embu
2020,12,2,13.913,24.478,Embu
2020,12,3,43.522,22.696,Embu
2014,1,1,1.323,15.852,Makueni
2014,1,2,2.545,12.245,Makueni
2014,1,3,1.284,8.926,Makueni
2014,2,1,19.486,6.023,Makueni
2014,2,2,25.183,12.307,Makueni
2014,2,3,1.611,5.681,Makueni
2014,3,1,4.397,23.128,Makueni
2014,3,2,84.568,23.125,Makueni
2014,3,3,26.315,38.942,Makueni
2014,4,1,25.759,52.821,Makueni
2014,4,2,18.728,32.875,Makueni
2014,4,3,15.401,38.802,Makueni
2014,5,1,7.611,17.883,Makueni
2014,5,2,6.066,9.393,Makueni
2014,5,3,6.214,9.751,Makueni
2014,6,1,3.416,2.802,Makueni
2014,6,2,1.949,1.058,Makueni
2014,6,3,1.724,0.84,Makueni
2014,7,1,1.296,1.117,Makueni
2014,7,2,1.506,0.996,Makueni
2014,7,3,1.743,1.374,Makueni
2014,8,1,1.615,1.603,Makueni
2014,8,2,2.008,1.591,Makueni
2014,8,3,2.109,1.669,Makueni
2014,9,1,1.412,0.782,Makueni
2014,9,2,1.233,0.681,Makueni
2014,9,3,2.331,1.957,Makueni
2014,10,1,7.455,6.724,Makueni
2014,10,2,12.506,8.588,Makueni
2014,10,3,6.086,13.518,Makueni
2014,11,1,60.708,61.179,Makueni
2014,11,2,45.339,54.868,Makueni
2014,11,3,45.786,57.903,Makueni
2014,12,1,62.276,44.732,Makueni
2014,12,2,20.132,42.089,Makueni
2014,12,3,22.385,37.716,Makueni
2015,1,1,1.125,15.852,Makueni
2015,1,2,1.218,12.245,Makueni
2015,1,3,1.28,8.926,Makueni
2015,2,1,1.712,6.023,Makueni
2015,2,2,17.315,12.307,Makueni
2015,2,3,1.588,5.681,Makueni
2015,3,1,26.093,23.128,Makueni
2015,3,2,6.763,23.125,Makueni
2015,3,3,21.833,38.942,Makueni
2015,4,1,77.49,52.821,Makueni
2015,4,2,81.743,32.875,Makueni
2015,4,3,61.872,38.802,Makueni
2015,5,1,60.615,17.883,Makueni
2015,5,2,7.521,9.393,Makueni
2015,5,3,9.467,9.751,Makueni
2015,6,1,2.77,2.802,Makueni
2015,6,2,0.922,1.058,Makueni
2015,6,3,0.786,0.84,Makueni
2015,7,1,2.183,1.117,Makueni
2015,7,2,2.125,0.996,Makueni
2015,7,3,2.868,1.374,Makueni
2015,8,1,2.331,1.603,Makueni
2015,8,2,1.654,1.591,Makueni
2015,8,3,2.043,1.669,Makueni
2015,9,1,1.35,0.782,Makueni
2015,9,2,0.953,0.681,Makueni
2015,9,3,1.802,1.957,Makueni
2015,10,1,9.241,6.724,Makueni
2015,10,2,12.498,8.588,Makueni
2015,10,3,10.704,13.518,Makueni
2015,11,1,70.366,61.179,Makueni
2015,11,2,124.047,54.868,Makueni
2015,11,3,54.362,57.903,Makueni
2015,12,1,24.588,44.732,Makueni
2015,12,2,105.346,42.089,Makueni
2015,12,3,14.864,37.716,Makueni
2016,1,1,11.432,15.852,Makueni
2016,1,2,33.914,12.245,Makueni
2016,1,3,11.634,8.926,Makueni
2016,2,1,8.23,6.023,Makueni
2016,2,2,4.051,12.307,Makueni
2016,2,3,2.934,5.681,Makueni
2016,3,1,36.327,23.128,Makueni
2016,3,2,3.455,23.125,Makueni
2016,3,3,3.074,38.942,Makueni
2016,4,1,80.981,52.821,Makueni
2016,4,2,55.062,32.875,Makueni
2016,4,3,52.183,38.802,Makueni
2016,5,1,11.362,17.883,Makueni
2016,5,2,11.039,9.393,Makueni
2016,5,3,6.323,9.751,Makueni
2016,6,1,2.907,2.802,Makueni
2016,6,2,1.447,1.058,Makueni
2016,6,3,1.218,0.84,Makueni
2016,7,1,1.082,1.117,Makueni
2016,7,2,1.136,0.996,Makueni
2016,7,3,1.354,1.374,Makueni
2016,8,1,2.646,1.603,Makueni
2016,8,2,2.397,1.591,Makueni
2016,8,3,3.152,1.669,Makueni
2016,9,1,1.167,0.782,Makueni
2016,9,2,0.949,0.681,Makueni
2016,9,3,2.3,1.957,Makueni
2016,10,1,10.07,6.724,Makueni
2016,10,2,6.28,8.588,Makueni
2016,10,3,5.981,13.518,Makueni
2016,11,1,38.307,61.179,Makueni
2016,11,2,104.829,54.868,Makueni
2016,11,3,57.564,57.903,Makueni
2016,12,1,16.911,44.732,Makueni
2016,12,2,12.389,42.089,Makueni
2016,12,3,19.346,37.716,Makueni
2017,1,1,3.432,15.852,Makueni
2017,1,2,2.136,12.245,Makueni
2017,1,3,4.541,8.926,Makueni
2017,2,1,2.887,6.023,Makueni
2017,2,2,5.977,12.307,Makueni
2017,2,3,23.848,5.681,Makueni
2017,3,1,5.381,23.128,Makueni
2017,3,2,4.276,23.125,Makueni
2017,3,3,7.327,38.942,Makueni
2017,4,1,27.506,52.821,Makueni
2017,4,2,58.887,32.875,Makueni
2017,4,3,17.521,38.802,Makueni
2017,5,1,20.763,17.883,Makueni
2017,5,2,13.28,9.393,Makueni
2017,5,3,10.21,9.751,Makueni
2017,6,1,2.113,2.802,Makueni
2017,6,2,1.416,1.058,Makueni
2017,6,3,1.307,0.84,Makueni
2017,7,1,2.035,1.117,Makueni
2017,7,2,2.195,0.996,Makueni
2017,7,3,3.685,1.374,Makueni
2017,8,1,4.089,1.603,Makueni
2017,8,2,3.451,1.591,Makueni
2017,8,3,3.591,1.669,Makueni
2017,9,1,1.323,0.782,Makueni
2017,9,2,2.074,0.681,Makueni
2017,9,3,2.42,1.957,Makueni
2017,10,1,4.607,6.724,Makueni
2017,10,2,14.51,8.588,Makueni
2017,10,3,12.163,13.518,Makueni
2017,11,1,76.093,61.179,Makueni
2017,11,2,54.463,54.868,Makueni
2017,11,3,32.202,57.903,Makueni
2017,12,1,18.899,44.732,Makueni
2017,12,2,11.206,42.089,Makueni
2017,12,3,10.241,37.716,Makueni
2018,1,1,17.848,15.852,Makueni
2018,1,2,2.556,12.245,Makueni
2018,1,3,3.451,8.926,Makueni
2018,2,1,3.607,6.023,Makueni
2018,2,2,4.685,12.307,Makueni
2018,2,3,3.63,5.681,Makueni
2018,3,1,101.84,23.128,Makueni
2018,3,2,119.292,23.125,Makueni
2018,3,3,11.891,38.942,Makueni
2018,4,1,59.568,52.821,Makueni
2018,4,2,153.44,32.875,Makueni
2018,4,3,84.471,38.802,Makueni
2018,5,1,12.946,17.883,Makueni
2018,5,2,22.638,9.393,Makueni
2018,5,3,10.798,9.751,Makueni
2018,6,1,4.607,2.802,Makueni
2018,6,2,2.307,1.058,Makueni
2018,6,3,2.393,0.84,Makueni
2018,7,1,3.144,1.117,Makueni
2018,7,2,3.49,0.996,Makueni
2018,7,3,3.237,1.374,Makueni
2018,8,1,2.409,1.603,Makueni
2018,8,2,3.078,1.591,Makueni
2018,8,3,3.607,1.669,Makueni
2018,9,1,2.019,0.782,Makueni
2018,9,2,1.634,0.681,Makueni
2018,9,3,4.366,1.957,Makueni
2018,10,1,12.58,6.724,Makueni
2018,10,2,7.611,8.588,Makueni
2018,10,3,14.946,13.518,Makueni
2018,11,1,29.051,61.179,Makueni
2018,11,2,50.755,54.868,Makueni
2018,11,3,46.996,57.903,Makueni
2018,12,1,96.257,44.732,Makueni
2018,12,2,117.817,42.089,Makueni
2018,12,3,20.739,37.716,Makueni
2019,1,1,4.891,15.852,Makueni
2019,1,2,3.661,12.245,Makueni
2019,1,3,3.623,8.926,Makueni
2019,2,1,4.529,6.023,Makueni
2019,2,2,5.934,12.307,Makueni
2019,2,3,4.541,5.681,Makueni
2019,3,1,7.451,23.128,Makueni
2019,3,2,2.086,23.125,Makueni
2019,3,3,3,38.942,Makueni
2019,4,1,10.494,52.821,Makueni
2019,4,2,8.572,32.875,Makueni
2019,4,3,85.463,38.802,Makueni
2019,5,1,11.101,17.883,Makueni
2019,5,2,14.183,9.393,Makueni
2019,5,3,6.903,9.751,Makueni
2019,6,1,4.07,2.802,Makueni
2019,6,2,1.521,1.058,Makueni
2019,6,3,1.206,0.84,Makueni
2019,7,1,1.588,1.117,Makueni
2019,7,2,1.393,0.996,Makueni
2019,7,3,2.23,1.374,Makueni
2019,8,1,2.7,1.603,Makueni
2019,8,2,1.782,1.591,Makueni
2019,8,3,2.49,1.669,Makueni
2019,9,1,1.237,0.782,Makueni
2019,9,2,1.214,0.681,Makueni
2019,9,3,2.245,1.957,Makueni
2019,10,1,29.253,6.724,Makueni
2019,10,2,23.354,8.588,Makueni
2019,10,3,57.202,13.518,Makueni
2019,11,1,26.023,61.179,Makueni
2019,11,2,69.591,54.868,Makueni
2019,11,3,198.023,57.903,Makueni
2019,12,1,124.296,44.732,Makueni
2019,12,2,31.206,42.089,Makueni
2019,12,3,112.424,37.716,Makueni
2020,1,1,19.743,15.852,Makueni
2020,1,2,15.673,12.245,Makueni
2020,1,3,64.307,8.926,Makueni
2020,2,1,30.556,6.023,Makueni
2020,2,2,4.296,12.307,Makueni
2020,2,3,21.588,5.681,Makueni
2020,3,1,59.868,23.128,Makueni
2020,3,2,14.988,23.125,Makueni
2020,3,3,58.183,38.942,Makueni
2020,4,1,14.556,52.821,Makueni
2020,4,2,94.128,32.875,Makueni
2020,4,3,32.253,38.802,Makueni
2020,5,1,6.529,17.883,Makueni
2020,5,2,7.241,9.393,Makueni
2020,5,3,8.79,9.751,Makueni
2020,6,1,2.047,2.802,Makueni
2020,6,2,1.825,1.058,Makueni
2020,6,3,1.214,0.84,Makueni
2020,7,1,2.899,1.117,Makueni
2020,7,2,2.019,0.996,Makueni
2020,7,3,1.891,1.374,Makueni
2020,8,1,2.066,1.603,Makueni
2020,8,2,2.125,1.591,Makueni
2020,8,3,2.381,1.669,Makueni
2020,9,1,1.677,0.782,Makueni
2020,9,2,1.027,0.681,Makueni
2020,9,3,2.327,1.957,Makueni
2020,10,1,7.331,6.724,Makueni
2020,10,2,9.556,8.588,Makueni
2020,10,3,13.7,13.518,Makueni
2020,11,1,61.397,61.179,Makueni
2020,11,2,50.307,54.868,Makueni
2020,11,3,58.447,57.903,Makueni
2020,12,1,80.728,44.732,Makueni
2020,12,2,13.626,42.089,Makueni
2020,12,3,47.696,37.716,Makueni
2014,1,1,5.745,15.764,Nyeri
2014,1,2,7.291,18.1,Nyeri
2014,1,3,6.009,16.136,Nyeri
2014,2,1,36.936,12.182,Nyeri
2014,2,2,52.891,19.873,Nyeri
2014,2,3,5.5,11.209,Nyeri
2014,3,1,7.836,24.664,Nyeri
2014,3,2,113.182,26.627,Nyeri
2014,3,3,25.7,40.155,Nyeri
2014,4,1,39.8,67.236,Nyeri
2014,4,2,66.973,65.791,Nyeri
2014,4,3,36.373,80.755,Nyeri
2014,5,1,36.145,67.164,Nyeri
2014,5,2,32.5,53.855,Nyeri
2014,5,3,36.773,46.1,Nyeri
2014,6,1,30.382,20.8,Nyeri
2014,6,2,21.091,17.245,Nyeri
2014,6,3,22.4,14.545,Nyeri
2014,7,1,10.345,14.509,Nyeri
2014,7,2,10.782,13.909,Nyeri
2014,7,3,12.936,18.882,Nyeri
2014,8,1,10.655,16.409,Nyeri
2014,8,2,13.636,16.136,Nyeri
2014,8,3,76.182,20.827,Nyeri
2014,9,1,27.555,13.564,Nyeri
2014,9,2,13.845,12.718,Nyeri
2014,9,3,6.755,12.3,Nyeri
2014,10,1,42.364,32.827,Nyeri
2014,10,2,45.673,39.955,Nyeri
2014,10,3,43.409,61.064,Nyeri
2014,11,1,56.582,55.4,Nyeri
2014,11,2,67.936,57.255,Nyeri
2014,11,3,26.327,44.018,Nyeri
2014,12,1,27.318,27.009,Nyeri
2014,12,2,19.491,24.6,Nyeri
2014,12,3,25.3,25.482,Nyeri
2015,1,1,7.673,15.764,Nyeri
2015,1,2,7.636,18.1,Nyeri
2015,1,3,9,16.136,Nyeri
2015,2,1,4.882,12.182,Nyeri
2015,2,2,32.627,19.873,Nyeri
2015,2,3,3.464,11.209,Nyeri
2015,3,1,11.127,24.664,Nyeri
2015,3,2,12.418,26.627,Nyeri
2015,3,3,32.118,40.155,Nyeri
2015,4,1,100.945,67.236,Nyeri
2015,4,2,98.918,65.791,Nyeri
2015,4,3,143.8,80.755,Nyeri
2015,5,1,53.364,67.164,Nyeri
2015,5,2,59.255,53.855,Nyeri
2015,5,3,42.9,46.1,Nyeri
2015,6,1,22.282,20.8,Nyeri
2015,6,2,10.673,17.245,Nyeri
2015,6,3,7.327,14.545,Nyeri
2015,7,1,14.327,14.509,Nyeri
2015,7,2,12.473,13.909,Nyeri
2015,7,3,12.564,18.882,Nyeri
2015,8,1,14.155,16.409,Nyeri
2015,8,2,7.709,16.136,Nyeri
2015,8,3,8.445,20.827,Nyeri
2015,9,1,6.627,13.564,Nyeri
2015,9,2,6.836,12.718,Nyeri
2015,9,3,6.555,12.3,Nyeri
2015,10,1,37.391,32.827,Nyeri
2015,10,2,56.409,39.955,Nyeri
2015,10,3,75.155,61.064,Nyeri
2015,11,1,100.845,55.4,Nyeri
2015,11,2,78.091,57.255,Nyeri
2015,11,3,72.409,44.018,Nyeri
2015,12,1,14.373,27.009,Nyeri
2015,12,2,77,24.6,Nyeri
2015,12,3,18.464,25.482,Nyeri
2016,1,1,15.455,15.764,Nyeri
2016,1,2,70.8,18.1,Nyeri
2016,1,3,25.455,16.136,Nyeri
2016,2,1,12.818,12.182,Nyeri
2016,2,2,8.427,19.873,Nyeri
2016,2,3,7.036,11.209,Nyeri
2016,3,1,46.509,24.664,Nyeri
2016,3,2,7.445,26.627,Nyeri
2016,3,3,12.9,40.155,Nyeri
2016,4,1,129.718,67.236,Nyeri
2016,4,2,54.691,65.791,Nyeri
2016,4,3,94.891,80.755,Nyeri
2016,5,1,45.382,67.164,Nyeri
2016,5,2,69.318,53.855,Nyeri
2016,5,3,26.045,46.1,Nyeri
2016,6,1,16.645,20.8,Nyeri
2016,6,2,15.755,17.245,Nyeri
2016,6,3,15.345,14.545,Nyeri
2016,7,1,8.236,14.509,Nyeri
2016,7,2,6.418,13.909,Nyeri
2016,7,3,11.836,18.882,Nyeri
2016,8,1,13.873,16.409,Nyeri
2016,8,2,11.4,16.136,Nyeri
2016,8,3,23.918,20.827,Nyeri
2016,9,1,8.709,13.564,Nyeri
2016,9,2,8.545,12.718,Nyeri
2016,9,3,15.373,12.3,Nyeri
2016,10,1,30.273,32.827,Nyeri
2016,10,2,19.827,39.955,Nyeri
2016,10,3,23.727,61.064,Nyeri
2016,11,1,49.664,55.4,Nyeri
2016,11,2,57.791,57.255,Nyeri
2016,11,3,74.018,44.018,Nyeri
2016,12,1,11.936,27.009,Nyeri
2016,12,2,11.745,24.6,Nyeri
2016,12,3,10.918,25.482,Nyeri
2017,1,1,5.2,15.764,Nyeri
2017,1,2,7.782,18.1,Nyeri
2017,1,3,8.673,16.136,Nyeri
2017,2,1,10.055,12.182,Nyeri
2017,2,2,18.709,19.873,Nyeri
2017,2,3,30.327,11.209,Nyeri
2017,3,1,13.827,24.664,Nyeri
2017,3,2,8.436,26.627,Nyeri
2017,3,3,18.045,40.155,Nyeri
2017,4,1,44.264,67.236,Nyeri
2017,4,2,30.109,65.791,Nyeri
2017,4,3,49.655,80.755,Nyeri
2017,5,1,71.155,67.164,Nyeri
2017,5,2,34.973,53.855,Nyeri
2017,5,3,32.882,46.1,Nyeri
2017,6,1,7.382,20.8,Nyeri
2017,6,2,7.745,17.245,Nyeri
2017,6,3,9.782,14.545,Nyeri
2017,7,1,11.473,14.509,Nyeri
2017,7,2,14.1,13.909,Nyeri
2017,7,3,20.318,18.882,Nyeri
2017,8,1,30.336,16.409,Nyeri
2017,8,2,16.727,16.136,Nyeri
2017,8,3,27.609,20.827,Nyeri
2017,9,1,13.782,13.564,Nyeri
2017,9,2,22.273,12.718,Nyeri
2017,9,3,16.373,12.3,Nyeri
2017,10,1,15.864,32.827,Nyeri
2017,10,2,79.527,39.955,Nyeri
2017,10,3,59.6,61.064,Nyeri
2017,11,1,76.273,55.4,Nyeri
2017,11,2,64.064,57.255,Nyeri
2017,11,3,27.573,44.018,Nyeri
2017,12,1,11.255,27.009,Nyeri
2017,12,2,8.564,24.6,Nyeri
2017,12,3,4.9,25.482,Nyeri
2018,1,1,8.318,15.764,Nyeri
2018,1,2,7.845,18.1,Nyeri
2018,1,3,12.236,16.136,Nyeri
2018,2,1,8.282,12.182,Nyeri
2018,2,2,8.545,19.873,Nyeri
2018,2,3,6.091,11.209,Nyeri
2018,3,1,96.664,24.664,Nyeri
2018,3,2,100.073,26.627,Nyeri
2018,3,3,43.227,40.155,Nyeri
2018,4,1,115.736,67.236,Nyeri
2018,4,2,190.3,65.791,Nyeri
2018,4,3,159.7,80.755,Nyeri
2018,5,1,121.464,67.164,Nyeri
2018,5,2,120.809,53.855,Nyeri
2018,5,3,79.909,46.1,Nyeri
2018,6,1,56.564,20.8,Nyeri
2018,6,2,57.791,17.245,Nyeri
2018,6,3,30.209,14.545,Nyeri
2018,7,1,20.709,14.509,Nyeri
2018,7,2,17.4,13.909,Nyeri
2018,7,3,22.518,18.882,Nyeri
2018,8,1,8.627,16.409,Nyeri
2018,8,2,12.264,16.136,Nyeri
2018,8,3,29.945,20.827,Nyeri
2018,9,1,21.164,13.564,Nyeri
2018,9,2,8.8,12.718,Nyeri
2018,9,3,22.2,12.3,Nyeri
2018,10,1,21.327,32.827,Nyeri
2018,10,2,26.118,39.955,Nyeri
2018,10,3,51.682,61.064,Nyeri
2018,11,1,48.845,55.4,Nyeri
2018,11,2,46.391,57.255,Nyeri
2018,11,3,41.755,44.018,Nyeri
2018,12,1,61.518,27.009,Nyeri
2018,12,2,88.6,24.6,Nyeri
2018,12,3,12.636,25.482,Nyeri
2019,1,1,20.773,15.764,Nyeri
2019,1,2,19.818,18.1,Nyeri
2019,1,3,12,16.136,Nyeri
2019,2,1,5.218,12.182,Nyeri
2019,2,2,9.245,19.873,Nyeri
2019,2,3,13.509,11.209,Nyeri
2019,3,1,10.182,24.664,Nyeri
2019,3,2,5.318,26.627,Nyeri
2019,3,3,18.391,40.155,Nyeri
2019,4,1,20.773,67.236,Nyeri
2019,4,2,21.9,65.791,Nyeri
2019,4,3,148.991,80.755,Nyeri
2019,5,1,57.482,67.164,Nyeri
2019,5,2,48.673,53.855,Nyeri
2019,5,3,49.618,46.1,Nyeri
2019,6,1,68.491,20.8,Nyeri
2019,6,2,11.427,17.245,Nyeri
2019,6,3,18.273,14.545,Nyeri
2019,7,1,7.364,14.509,Nyeri
2019,7,2,7.9,13.909,Nyeri
2019,7,3,33.555,18.882,Nyeri
2019,8,1,9.209,16.409,Nyeri
2019,8,2,9.191,16.136,Nyeri
2019,8,3,45.982,20.827,Nyeri
2019,9,1,16.045,13.564,Nyeri
2019,9,2,7.709,12.718,Nyeri
2019,9,3,11.427,12.3,Nyeri
2019,10,1,110.7,32.827,Nyeri
2019,10,2,127.955,39.955,Nyeri
2019,10,3,96.482,61.064,Nyeri
2019,11,1,55.5,55.4,Nyeri
2019,11,2,74.982,57.255,Nyeri
2019,11,3,124.1,44.018,Nyeri
2019,12,1,100.209,27.009,Nyeri
2019,12,2,26.736,24.6,Nyeri
2019,12,3,48.773,25.482,Nyeri
2020,1,1,20.991,15.764,Nyeri
2020,1,2,17.555,18.1,Nyeri
2020,1,3,51.045,16.136,Nyeri
2020,2,1,29.709,12.182,Nyeri
2020,2,2,10.727,19.873,Nyeri
2020,2,3,26.836,11.209,Nyeri
2020,3,1,91.773,24.664,Nyeri
2020,3,2,26.7,26.627,Nyeri
2020,3,3,74.545,40.155,Nyeri
2020,4,1,47.673,67.236,Nyeri
2020,4,2,227.109,65.791,Nyeri
2020,4,3,77.191,80.755,Nyeri
2020,5,1,94.009,67.164,Nyeri
2020,5,2,35.882,53.855,Nyeri
2020,5,3,39.755,46.1,Nyeri
2020,6,1,17.255,20.8,Nyeri
2020,6,2,30.773,17.245,Nyeri
2020,6,3,16.945,14.545,Nyeri
2020,7,1,14.336,14.509,Nyeri
2020,7,2,9.373,13.909,Nyeri
2020,7,3,14.9,18.882,Nyeri
2020,8,1,9.991,16.409,Nyeri
2020,8,2,27.091,16.136,Nyeri
2020,8,3,15.045,20.827,Nyeri
2020,9,1,35.3,13.564,Nyeri
2020,9,2,8.818,12.718,Nyeri
2020,9,3,15.736,12.3,Nyeri
2020,10,1,44.491,32.827,Nyeri
2020,10,2,55.682,39.955,Nyeri
2020,10,3,109.418,61.064,Nyeri
2020,11,1,90.382,55.4,Nyeri
2020,11,2,31.464,57.255,Nyeri
2020,11,3,36.164,44.018,Nyeri
2020,12,1,28.427,27.009,Nyeri
2020,12,2,11.991,24.6,Nyeri
2020,12,3,37.736,25.482,Nyeri
2014,1,1,12.959,25.224,Bomet
2014,1,2,33.653,28.878,Bomet
2014,1,3,6.122,29.918,Bomet
2014,2,1,60.673,25.265,Bomet
2014,2,2,81.551,34.673,Bomet
2014,2,3,20.327,21.776,Bomet
2014,3,1,6.367,43.51,Bomet
2014,3,2,77.224,42.306,Bomet
2014,3,3,61.612,57.224,Bomet
2014,4,1,49.918,64.082,Bomet
2014,4,2,18.449,54.959,Bomet
2014,4,3,15.184,67.755,Bomet
2014,5,1,41.592,61.449,Bomet
2014,5,2,33.959,54.306,Bomet
2014,5,3,47.082,42.714,Bomet
2014,6,1,32.673,37.041,Bomet
2014,6,2,46.98,29.714,Bomet
2014,6,3,14.837,23.347,Bomet
2014,7,1,11.163,17.755,Bomet
2014,7,2,20.653,18.796,Bomet
2014,7,3,38.286,25.592,Bomet
2014,8,1,40.224,24.49,Bomet
2014,8,2,30.184,36.184,Bomet
2014,8,3,93.735,36.265,Bomet
2014,9,1,42.347,29.673,Bomet
2014,9,2,28.469,29.184,Bomet
2014,9,3,22.959,30.041,Bomet
2014,10,1,20.776,24.347,Bomet
2014,10,2,49.347,24.939,Bomet
2014,10,3,13.939,31.388,Bomet
2014,11,1,19.469,43.694,Bomet
2014,11,2,32.102,36.918,Bomet
2014,11,3,40.388,39.143,Bomet
2014,12,1,32.673,33.551,Bomet
2014,12,2,14.694,33,Bomet
2014,12,3,32.857,42.49,Bomet
2015,1,1,4.327,25.224,Bomet
2015,1,2,4.286,28.878,Bomet
2015,1,3,5.571,29.918,Bomet
2015,2,1,2.286,25.265,Bomet
2015,2,2,36.714,34.673,Bomet
2015,2,3,4.245,21.776,Bomet
2015,3,1,14.224,43.51,Bomet
2015,3,2,4.796,42.306,Bomet
2015,3,3,59.939,57.224,Bomet
2015,4,1,121.939,64.082,Bomet
2015,4,2,76.878,54.959,Bomet
2015,4,3,106.102,67.755,Bomet
2015,5,1,65.265,61.449,Bomet
2015,5,2,94.245,54.306,Bomet
2015,5,3,79.408,42.714,Bomet
2015,6,1,55.653,37.041,Bomet
2015,6,2,71.531,29.714,Bomet
2015,6,3,15.449,23.347,Bomet
2015,7,1,11.98,17.755,Bomet
2015,7,2,12.388,18.796,Bomet
2015,7,3,27.592,25.592,Bomet
2015,8,1,29.02,24.49,Bomet
2015,8,2,19.796,36.184,Bomet
2015,8,3,14.98,36.265,Bomet
2015,9,1,46.184,29.673,Bomet
2015,9,2,16.857,29.184,Bomet
2015,9,3,21.592,30.041,Bomet
2015,10,1,19.673,24.347,Bomet
2015,10,2,18.143,24.939,Bomet
2015,10,3,60.143,31.388,Bomet
2015,11,1,63.102,43.694,Bomet
2015,11,2,39.531,36.918,Bomet
2015,11,3,35.347,39.143,Bomet
2015,12,1,37.918,33.551,Bomet
2015,12,2,101.571,33,Bomet
2015,12,3,26.939,42.49,Bomet
2016,1,1,21.592,25.224,Bomet
2016,1,2,67.918,28.878,Bomet
2016,1,3,23.143,29.918,Bomet
2016,2,1,11.306,25.265,Bomet
2016,2,2,21.735,34.673,Bomet
2016,2,3,14.959,21.776,Bomet
2016,3,1,69.755,43.51,Bomet
2016,3,2,11.367,42.306,Bomet
2016,3,3,29.796,57.224,Bomet
2016,4,1,100.551,64.082,Bomet
2016,4,2,74.796,54.959,Bomet
2016,4,3,113.388,67.755,Bomet
2016,5,1,89.796,61.449,Bomet
2016,5,2,64.041,54.306,Bomet
2016,5,3,40.714,42.714,Bomet
2016,6,1,20.857,37.041,Bomet
2016,6,2,28.122,29.714,Bomet
2016,6,3,31.837,23.347,Bomet
2016,7,1,17.592,17.755,Bomet
2016,7,2,27.041,18.796,Bomet
2016,7,3,13.755,25.592,Bomet
2016,8,1,25.959,24.49,Bomet
2016,8,2,15.224,36.184,Bomet
2016,8,3,20.143,36.265,Bomet
2016,9,1,20.469,29.673,Bomet
2016,9,2,25.49,29.184,Bomet
2016,9,3,60.306,30.041,Bomet
2016,10,1,50.918,24.347,Bomet
2016,10,2,11.449,24.939,Bomet
2016,10,3,21.571,31.388,Bomet
2016,11,1,43.837,43.694,Bomet
2016,11,2,48.571,36.918,Bomet
2016,11,3,48.857,39.143,Bomet
2016,12,1,17.612,33.551,Bomet
2016,12,2,8.265,33,Bomet
2016,12,3,7.898,42.49,Bomet
2017,1,1,5.061,25.224,Bomet
2017,1,2,3.837,28.878,Bomet
2017,1,3,19.796,29.918,Bomet
2017,2,1,10.143,25.265,Bomet
2017,2,2,13.776,34.673,Bomet
2017,2,3,40,21.776,Bomet
2017,3,1,18.408,43.51,Bomet
2017,3,2,38.469,42.306,Bomet
2017,3,3,52.898,57.224,Bomet
2017,4,1,17.776,64.082,Bomet
2017,4,2,71.429,54.959,Bomet
2017,4,3,73.306,67.755,Bomet
2017,5,1,78.939,61.449,Bomet
2017,5,2,48.918,54.306,Bomet
2017,5,3,27.939,42.714,Bomet
2017,6,1,45.959,37.041,Bomet
2017,6,2,17.204,29.714,Bomet
2017,6,3,36.898,23.347,Bomet
2017,7,1,27.898,17.755,Bomet
2017,7,2,49.633,18.796,Bomet
2017,7,3,39.694,25.592,Bomet
2017,8,1,27.265,24.49,Bomet
2017,8,2,23.224,36.184,Bomet
2017,8,3,62.306,36.265,Bomet
2017,9,1,45.102,29.673,Bomet
2017,9,2,42.918,29.184,Bomet
2017,9,3,24.776,30.041,Bomet
2017,10,1,19.367,24.347,Bomet
2017,10,2,65.122,24.939,Bomet
2017,10,3,29.061,31.388,Bomet
2017,11,1,56.163,43.694,Bomet
2017,11,2,22.714,36.918,Bomet
2017,11,3,39.184,39.143,Bomet
2017,12,1,64.653,33.551,Bomet
2017,12,2,8.224,33,Bomet
2017,12,3,17.204,42.49,Bomet
2018,1,1,22.265,25.224,Bomet
2018,1,2,17.306,28.878,Bomet
2018,1,3,20.673,29.918,Bomet
2018,2,1,6.347,25.265,Bomet
2018,2,2,11.673,34.673,Bomet
2018,2,3,29.857,21.776,Bomet
2018,3,1,88.694,43.51,Bomet
2018,3,2,119.429,42.306,Bomet
2018,3,3,83.163,57.224,Bomet
2018,4,1,100.939,64.082,Bomet
2018,4,2,133.918,54.959,Bomet
2018,4,3,92.204,67.755,Bomet
2018,5,1,78.755,61.449,Bomet
2018,5,2,65.429,54.306,Bomet
2018,5,3,71.041,42.714,Bomet
2018,6,1,44.122,37.041,Bomet
2018,6,2,42.041,29.714,Bomet
2018,6,3,34.714,23.347,Bomet
2018,7,1,15.122,17.755,Bomet
2018,7,2,11.694,18.796,Bomet
2018,7,3,40.918,25.592,Bomet
2018,8,1,13.816,24.49,Bomet
2018,8,2,11.816,36.184,Bomet
2018,8,3,95.061,36.265,Bomet
2018,9,1,20.429,29.673,Bomet
2018,9,2,23.449,29.184,Bomet
2018,9,3,15.837,30.041,Bomet
2018,10,1,27.49,24.347,Bomet
2018,10,2,39.98,24.939,Bomet
2018,10,3,32.204,31.388,Bomet
2018,11,1,35.408,43.694,Bomet
2018,11,2,43.714,36.918,Bomet
2018,11,3,23.735,39.143,Bomet
2018,12,1,49.939,33.551,Bomet
2018,12,2,71.51,33,Bomet
2018,12,3,20.796,42.49,Bomet
2019,1,1,5.245,25.224,Bomet
2019,1,2,22.592,28.878,Bomet
2019,1,3,4.633,29.918,Bomet
2019,2,1,2.673,25.265,Bomet
2019,2,2,9.776,34.673,Bomet
2019,2,3,20.796,21.776,Bomet
2019,3,1,58.245,43.51,Bomet
2019,3,2,5.204,42.306,Bomet
2019,3,3,15.755,57.224,Bomet
2019,4,1,39.571,64.082,Bomet
2019,4,2,20.245,54.959,Bomet
2019,4,3,150.837,67.755,Bomet
2019,5,1,61.796,61.449,Bomet
2019,5,2,42.224,54.306,Bomet
2019,5,3,55.041,42.714,Bomet
2019,6,1,81.265,37.041,Bomet
2019,6,2,21.531,29.714,Bomet
2019,6,3,65.592,23.347,Bomet
2019,7,1,23.714,17.755,Bomet
2019,7,2,21.224,18.796,Bomet
2019,7,3,12.816,25.592,Bomet
2019,8,1,14.51,24.49,Bomet
2019,8,2,33.429,36.184,Bomet
2019,8,3,56.265,36.265,Bomet
2019,9,1,42.939,29.673,Bomet
2019,9,2,13.776,29.184,Bomet
2019,9,3,36.816,30.041,Bomet
2019,10,1,19.714,24.347,Bomet
2019,10,2,62.102,24.939,Bomet
2019,10,3,44.184,31.388,Bomet
2019,11,1,19.939,43.694,Bomet
2019,11,2,60.061,36.918,Bomet
2019,11,3,163.061,39.143,Bomet
2019,12,1,120.653,33.551,Bomet
2019,12,2,55.306,33,Bomet
2019,12,3,89.163,42.49,Bomet
2020,1,1,27.02,25.224,Bomet
2020,1,2,47.082,28.878,Bomet
2020,1,3,105.653,29.918,Bomet
2020,2,1,38.796,25.265,Bomet
2020,2,2,29.388,34.673,Bomet
2020,2,3,31.143,21.776,Bomet
2020,3,1,127.612,43.51,Bomet
2020,3,2,75.878,42.306,Bomet
2020,3,3,90.653,57.224,Bomet
2020,4,1,37,64.082,Bomet
2020,4,2,118.653,54.959,Bomet
2020,4,3,34.469,67.755,Bomet
2020,5,1,66.061,61.449,Bomet
2020,5,2,42.776,54.306,Bomet
2020,5,3,32.592,42.714,Bomet
2020,6,1,29.694,37.041,Bomet
2020,6,2,45.306,29.714,Bomet
2020,6,3,23.633,23.347,Bomet
2020,7,1,16.653,17.755,Bomet
2020,7,2,13.796,18.796,Bomet
2020,7,3,27.469,25.592,Bomet
2020,8,1,19.143,24.49,Bomet
2020,8,2,59.551,36.184,Bomet
2020,8,3,27.245,36.265,Bomet
2020,9,1,53.673,29.673,Bomet
2020,9,2,24.143,29.184,Bomet
2020,9,3,35.612,30.041,Bomet
2020,10,1,33.265,24.347,Bomet
2020,10,2,34.143,24.939,Bomet
2020,10,3,52.796,31.388,Bomet
2020,11,1,34.857,43.694,Bomet
2020,11,2,92.796,36.918,Bomet
2020,11,3,93,39.143,Bomet
2020,12,1,23.143,33.551,Bomet
2020,12,2,35.51,33,Bomet
2020,12,3,20.429,42.49,Bomet
2014,1,1,21.18,19.38,Siaya
2014,1,2,29.72,21.68,Siaya
2014,1,3,5.98,20.64,Siaya
2014,2,1,41.82,23.06,Siaya
2014,2,2,17.1,22.2,Siaya
2014,2,3,23.22,19.64,Siaya
2014,3,1,4.24,41.76,Siaya
2014,3,2,65.72,45.78,Siaya
2014,3,3,66.58,65.24,Siaya
2014,4,1,101.88,72.72,Siaya
2014,4,2,38.08,75.04,Siaya
2014,4,3,22.16,90.42,Siaya
2014,5,1,121.16,83.04,Siaya
2014,5,2,81.68,72.04,Siaya
2014,5,3,103.44,72.74,Siaya
2014,6,1,74.82,43.34,Siaya
2014,6,2,55.6,41.62,Siaya
2014,6,3,10.62,32.78,Siaya
2014,7,1,19.04,23.3,Siaya
2014,7,2,23.32,22.54,Siaya
2014,7,3,57.48,32.44,Siaya
2014,8,1,63.72,31.38,Siaya
2014,8,2,46.02,35.34,Siaya
2014,8,3,71.86,41.3,Siaya
2014,9,1,44.16,46.34,Siaya
2014,9,2,36.82,49.42,Siaya
2014,9,3,70.12,45.42,Siaya
2014,10,1,65.44,43.46,Siaya
2014,10,2,80.48,48.8,Siaya
2014,10,3,76.3,55.98,Siaya
2014,11,1,33.72,63.6,Siaya
2014,11,2,48.24,51.42,Siaya
2014,11,3,71.28,51.02,Siaya
2014,12,1,45.38,36.56,Siaya
2014,12,2,19.76,26.28,Siaya
2014,12,3,27.44,35.96,Siaya
2015,1,1,2.2,19.38,Siaya
2015,1,2,1.3,21.68,Siaya
2015,1,3,3.28,20.64,Siaya
2015,2,1,0.94,23.06,Siaya
2015,2,2,29.84,22.2,Siaya
2015,2,3,5.5,19.64,Siaya
2015,3,1,6.72,41.76,Siaya
2015,3,2,0.3,45.78,Siaya
2015,3,3,95.32,65.24,Siaya
2015,4,1,140.26,72.72,Siaya
2015,4,2,82.48,75.04,Siaya
2015,4,3,85.62,90.42,Siaya
2015,5,1,124.52,83.04,Siaya
2015,5,2,72.08,72.04,Siaya
2015,5,3,98.18,72.74,Siaya
2015,6,1,55.74,43.34,Siaya
2015,6,2,92,41.62,Siaya
2015,6,3,35.44,32.78,Siaya
2015,7,1,10.62,23.3,Siaya
2015,7,2,12.18,22.54,Siaya
2015,7,3,39.54,32.44,Siaya
2015,8,1,27.66,31.38,Siaya
2015,8,2,12.64,35.34,Siaya
2015,8,3,14.78,41.3,Siaya
2015,9,1,53.86,46.34,Siaya
2015,9,2,32.16,49.42,Siaya
2015,9,3,42.3,45.42,Siaya
2015,10,1,44.12,43.46,Siaya
2015,10,2,61.52,48.8,Siaya
2015,10,3,143.64,55.98,Siaya
2015,11,1,127.9,63.6,Siaya
2015,11,2,95.38,51.42,Siaya
2015,11,3,50.06,51.02,Siaya
2015,12,1,84.84,36.56,Siaya
2015,12,2,56.14,26.28,Siaya
2015,12,3,16.78,35.96,Siaya
2016,1,1,11.62,19.38,Siaya
2016,1,2,50.42,21.68,Siaya
2016,1,3,23.7,20.64,Siaya
2016,2,1,6.44,23.06,Siaya
2016,2,2,6.06,22.2,Siaya
2016,2,3,13.7,19.64,Siaya
2016,3,1,58.5,41.76,Siaya
2016,3,2,5.84,45.78,Siaya
2016,3,3,18.4,65.24,Siaya
2016,4,1,134.8,72.72,Siaya
2016,4,2,148.6,75.04,Siaya
2016,4,3,97.82,90.42,Siaya
2016,5,1,128.28,83.04,Siaya
2016,5,2,87.98,72.04,Siaya
2016,5,3,33.72,72.74,Siaya
2016,6,1,19.06,43.34,Siaya
2016,6,2,44.92,41.62,Siaya
2016,6,3,34.72,32.78,Siaya
2016,7,1,8.34,23.3,Siaya
2016,7,2,30.7,22.54,Siaya
2016,7,3,19.74,32.44,Siaya
2016,8,1,30.08,31.38,Siaya
2016,8,2,14.28,35.34,Siaya
2016,8,3,9.88,41.3,Siaya
2016,9,1,29.54,46.34,Siaya
2016,9,2,27.4,49.42,Siaya
2016,9,3,38.36,45.42,Siaya
2016,10,1,42.52,43.46,Siaya
2016,10,2,16.12,48.8,Siaya
2016,10,3,25.46,55.98,Siaya
2016,11,1,36.48,63.6,Siaya
2016,11,2,31.16,51.42,Siaya
2016,11,3,63.48,51.02,Siaya
2016,12,1,6.8,36.56,Siaya
2016,12,2,8.6,26.28,Siaya
2016,12,3,3.96,35.96,Siaya
2017,1,1,4.78,19.38,Siaya
2017,1,2,2,21.68,Siaya
2017,1,3,40.92,20.64,Siaya
2017,2,1,19.08,23.06,Siaya
2017,2,2,94.58,22.2,Siaya
2017,2,3,99.78,19.64,Siaya
2017,3,1,8.66,41.76,Siaya
2017,3,2,36.68,45.78,Siaya
2017,3,3,64.4,65.24,Siaya
2017,4,1,41.6,72.72,Siaya
2017,4,2,87.26,75.04,Siaya
2017,4,3,104.14,90.42,Siaya
2017,5,1,172.5,83.04,Siaya
2017,5,2,98.44,72.04,Siaya
2017,5,3,61.62,72.74,Siaya
2017,6,1,30.88,43.34,Siaya
2017,6,2,29.96,41.62,Siaya
2017,6,3,50,32.78,Siaya
2017,7,1,28.14,23.3,Siaya
2017,7,2,57.34,22.54,Siaya
2017,7,3,32.86,32.44,Siaya
2017,8,1,45.1,31.38,Siaya
2017,8,2,52.14,35.34,Siaya
2017,8,3,49.46,41.3,Siaya
2017,9,1,52.5,46.34,Siaya
2017,9,2,71.52,49.42,Siaya
2017,9,3,40.7,45.42,Siaya
2017,10,1,33.24,43.46,Siaya
2017,10,2,67.52,48.8,Siaya
2017,10,3,56.34,55.98,Siaya
2017,11,1,99.32,63.6,Siaya
2017,11,2,24.16,51.42,Siaya
2017,11,3,28.54,51.02,Siaya
2017,12,1,13.38,36.56,Siaya
2017,12,2,3.36,26.28,Siaya
2017,12,3,8.5,35.96,Siaya
2018,1,1,4.62,19.38,Siaya
2018,1,2,12.58,21.68,Siaya
2018,1,3,6.68,20.64,Siaya
2018,2,1,2.92,23.06,Siaya
2018,2,2,33.28,22.2,Siaya
2018,2,3,42,19.64,Siaya
2018,3,1,57.16,41.76,Siaya
2018,3,2,106.3,45.78,Siaya
2018,3,3,64.02,65.24,Siaya
2018,4,1,105.54,72.72,Siaya
2018,4,2,111.6,75.04,Siaya
2018,4,3,85,90.42,Siaya
2018,5,1,106.7,83.04,Siaya
2018,5,2,100.7,72.04,Siaya
2018,5,3,102.2,72.74,Siaya
2018,6,1,39.82,43.34,Siaya
2018,6,2,27.96,41.62,Siaya
2018,6,3,57.4,32.78,Siaya
2018,7,1,23.52,23.3,Siaya
2018,7,2,18.2,22.54,Siaya
2018,7,3,21.26,32.44,Siaya
2018,8,1,18.16,31.38,Siaya
2018,8,2,13.86,35.34,Siaya
2018,8,3,62.76,41.3,Siaya
2018,9,1,24.72,46.34,Siaya
2018,9,2,28.28,49.42,Siaya
2018,9,3,25.36,45.42,Siaya
2018,10,1,49.7,43.46,Siaya
2018,10,2,100,48.8,Siaya
2018,10,3,58.98,55.98,Siaya
2018,11,1,40.64,63.6,Siaya
2018,11,2,54.08,51.42,Siaya
2018,11,3,3.38,51.02,Siaya
2018,12,1,73.82,36.56,Siaya
2018,12,2,54.78,26.28,Siaya
2018,12,3,30.68,35.96,Siaya
2019,1,1,2.86,19.38,Siaya
2019,1,2,13.78,21.68,Siaya
2019,1,3,2.82,20.64,Siaya
2019,2,1,2.14,23.06,Siaya
2019,2,2,29.22,22.2,Siaya
2019,2,3,72.22,19.64,Siaya
2019,3,1,73.42,41.76,Siaya
2019,3,2,1.52,45.78,Siaya
2019,3,3,31.26,65.24,Siaya
2019,4,1,21.24,72.72,Siaya
2019,4,2,35.86,75.04,Siaya
2019,4,3,133.96,90.42,Siaya
2019,5,1,67.66,83.04,Siaya
2019,5,2,78.16,72.04,Siaya
2019,5,3,108.98,72.74,Siaya
2019,6,1,55.92,43.34,Siaya
2019,6,2,32.62,41.62,Siaya
2019,6,3,37.24,32.78,Siaya
2019,7,1,29.56,23.3,Siaya
2019,7,2,83.44,22.54,Siaya
2019,7,3,27.8,32.44,Siaya
2019,8,1,66.2,31.38,Siaya
2019,8,2,25.4,35.34,Siaya
2019,8,3,71.54,41.3,Siaya
2019,9,1,59.3,46.34,Siaya
2019,9,2,34.12,49.42,Siaya
2019,9,3,62.5,45.42,Siaya
2019,10,1,79.66,43.46,Siaya
2019,10,2,157.2,48.8,Siaya
2019,10,3,116.26,55.98,Siaya
2019,11,1,34.14,63.6,Siaya
2019,11,2,74.32,51.42,Siaya
2019,11,3,119.32,51.02,Siaya
2019,12,1,79.32,36.56,Siaya
2019,12,2,41.76,26.28,Siaya
2019,12,3,57.38,35.96,Siaya
2020,1,1,13.04,19.38,Siaya
2020,1,2,15.78,21.68,Siaya
2020,1,3,79.02,20.64,Siaya
2020,2,1,42,23.06,Siaya
2020,2,2,24.1,22.2,Siaya
2020,2,3,29.86,19.64,Siaya
2020,3,1,86.88,41.76,Siaya
2020,3,2,100,45.78,Siaya
2020,3,3,90.96,65.24,Siaya
2020,4,1,46.24,72.72,Siaya
2020,4,2,83.24,75.04,Siaya
2020,4,3,35,90.42,Siaya
2020,5,1,79.94,83.04,Siaya
2020,5,2,60.48,72.04,Siaya
2020,5,3,52.14,72.74,Siaya
2020,6,1,55.48,43.34,Siaya
2020,6,2,45.4,41.62,Siaya
2020,6,3,35.38,32.78,Siaya
2020,7,1,36.26,23.3,Siaya
2020,7,2,31.84,22.54,Siaya
2020,7,3,35.54,32.44,Siaya
2020,8,1,20.36,31.38,Siaya
2020,8,2,55.3,35.34,Siaya
2020,8,3,64.36,41.3,Siaya
2020,9,1,80.1,46.34,Siaya
2020,9,2,41.5,49.42,Siaya
2020,9,3,77,45.42,Siaya
2020,10,1,74.7,43.46,Siaya
2020,10,2,61.62,48.8,Siaya
2020,10,3,70.28,55.98,Siaya
2020,11,1,73.96,63.6,Siaya
2020,11,2,121.16,51.42,Siaya
2020,11,3,145.9,51.02,Siaya
2020,12,1,31.12,36.56,Siaya
2020,12,2,12.82,26.28,Siaya
2020,12,3,28.46,35.96,Siaya
